"level";"id";"parent_id";"object_id";"object_type";"object_key";"query_status";"query_time";"query_type";"message";"created_time";"updated_time";"error.message"
"0";"1";"None";"CanalRTU";"seed";"";"";"None";"None";"";"";"";""
"0";"2";"None";"ecuavis";"seed";"";"";"None";"None";"";"";"";""
"0";"3";"None";"diarioeltelegrafo";"seed";"";"";"None";"None";"";"";"";""
"0";"4";"None";"elcomerciocom";"seed";"";"";"None";"None";"";"";"";""
"0";"5";"None";"elmercurioec";"seed";"";"";"None";"None";"";"";"";""
"0";"6";"None";"eluniversoec";"seed";"";"";"None";"None";"";"";"";""
"0";"7";"None";"metroecuador";"seed";"";"";"None";"None";"";"";"";""
"0";"8";"None";"PrimiciasEcuador";"seed";"";"";"None";"None";"";"";"";""
"0";"9";"None";"tctelevision10";"seed";"";"";"None";"None";"";"";"";""
"0";"10";"None";"TeleamazonasEcuador";"seed";"";"";"None";"None";"";"";"";""
"1";"11";"1";"CanalRTU";"empty";"";"fetched (200)";"2025-03-16 20:54:17.108175";"Facebook:/<page-id>/posts";"";"";"";""
"1";"12";"2";"ecuavis";"empty";"";"fetched (200)";"2025-03-16 20:54:17.568417";"Facebook:/<page-id>/posts";"";"";"";""
"1";"13";"3";"114391538888_1043363807819303";"data";"data.*";"fetched (200)";"2025-03-16 20:54:17.875916";"Facebook:/<page-id>/posts";"#Nacional | Ministros del Interior y Defensa supervisaron operativos en el Puerto de Guayaquil #LéaloEnET: https://is.gd/6LK0i8";"2025-03-17T00:27:13+0000";"2025-03-17T01:41:01+0000";""
"1";"14";"3";"114391538888_1043332214489129";"data";"data.*";"fetched (200)";"2025-03-16 20:54:17.875916";"Facebook:/<page-id>/posts";"#Nacional | Equipos de rescate de diversas instituciones lograron evacuar a las personas heridas tras la avalancha ocurrida en el volcán Cotopaxi durante la madrugada de este domingo #LéaloEnET: https://is.gd/sKmF6r";"2025-03-16T23:17:19+0000";"2025-03-16T23:17:19+0000";""
"1";"15";"3";"114391538888_1043296471159370";"data";"data.*";"fetched (200)";"2025-03-16 20:54:17.875916";"Facebook:/<page-id>/posts";"#Quito | La entidad aclara que las unidades del Metro de Quito operan con normalidad y llama a informarse por medios oficiales #LéaloEnET: https://is.gd/cGKvIT";"2025-03-16T21:55:58+0000";"2025-03-17T01:42:52+0000";""
"1";"16";"3";"114391538888_1043274707828213";"data";"data.*";"fetched (200)";"2025-03-16 20:54:17.875916";"Facebook:/<page-id>/posts";"#Viral | Sus dueños pensaron que había huido tras la mudanza, sin imaginar que se encontraba atrapada en un sillón. #LéaloEnET: https://is.gd/EtmNZ2";"2025-03-16T21:04:40+0000";"2025-03-16T21:45:42+0000";""
"1";"17";"3";"114391538888_1043265324495818";"data";"data.*";"fetched (200)";"2025-03-16 20:54:17.875916";"Facebook:/<page-id>/posts";"#Nacional | El Ministerio del Ambiente activa protocolo de respuesta ante la emergencia #LéaloEnET: https://is.gd/sKmF6r";"2025-03-16T20:42:30+0000";"2025-03-16T20:42:30+0000";""
"1";"18";"3";"114391538888_1043265151162502";"data";"data.*";"fetched (200)";"2025-03-16 20:54:17.875916";"Facebook:/<page-id>/posts";"#Nacional | El Ministerio del Ambiente activa protocolo de respuesta ante la emergencia #LéaloEnET: https://is.gd/sKmF6r";"2025-03-16T20:42:14+0000";"2025-03-16T20:42:14+0000";""
"1";"19";"3";"114391538888_1043230711165946";"data";"data.*";"fetched (200)";"2025-03-16 20:54:17.875916";"Facebook:/<page-id>/posts";"#Nacional | Ministra Inés Manzano declara emergencia ambiental y llama a la cooperación de municipios afectados #LéaloEnET: https://is.gd/8Fpd4q";"2025-03-16T19:25:07+0000";"2025-03-17T00:37:44+0000";""
"1";"20";"3";"114391538888_1043189054503445";"data";"data.*";"fetched (200)";"2025-03-16 20:54:17.875916";"Facebook:/<page-id>/posts";"#Fanático I Cinco jugadores destacados fueron ""olvidados"" por el director técnico Sebastián Beccacece para los partidos de Ecuador contra Venezuela y Chile. #LéaloEnET https://is.gd/zGkx3U";"2025-03-16T18:00:12+0000";"2025-03-16T22:25:53+0000";""
"1";"21";"3";"114391538888_1043168864505464";"data";"data.*";"fetched (200)";"2025-03-16 20:54:17.875916";"Facebook:/<page-id>/posts";"#Internacional | Fueron enviados por Estados Unidos y recluidos en la prisión de máxima seguridad Cecot #LéaloEnET: https://is.gd/3ztWHE";"2025-03-16T17:23:27+0000";"2025-03-16T22:39:29+0000";""
"1";"22";"3";"114391538888_1043116721177345";"data";"data.*";"fetched (200)";"2025-03-16 20:54:17.875916";"Facebook:/<page-id>/posts";"#Nacional | Cuatro exconsejeros del Cpccs enfrentan medidas cautelares por presunto tráfico de influencias y manipulación de nombramientos #LéaloEnET: https://is.gd/3GWCD9";"2025-03-16T16:33:23+0000";"2025-03-17T01:13:05+0000";""
"1";"23";"3";"114391538888_1043017987853885";"data";"data.*";"fetched (200)";"2025-03-16 20:54:17.875916";"Facebook:/<page-id>/posts";"#Tendencias | ¿Nos hacen infelices las imágenes de perfección que vemos en redes sociales? Te contamos. #LéaloEnET: https://is.gd/2aaMhD";"2025-03-16T14:00:07+0000";"2025-03-16T14:03:13+0000";""
"1";"24";"3";"114391538888_1042647001224317";"data";"data.*";"fetched (200)";"2025-03-16 20:54:17.875916";"Facebook:/<page-id>/posts";"#Nacional | El Comité de Operaciones de Emergencia (COE) del Municipio de Esmeraldas declaró emergencia ambiental debido a un derrame de petróleo provocado por la rotura del SOTE #LéaloEnET: https://is.gd/RuCTyr";"2025-03-16T02:54:55+0000";"2025-03-16T11:50:26+0000";""
"1";"25";"3";"114391538888_1042556077900076";"data";"data.*";"fetched (200)";"2025-03-16 20:54:17.875916";"Facebook:/<page-id>/posts";"#AHORA | El debate se realizará el domingo 23 de marzo de 2025 y lo moderará Ruth del Salto  #LéaloEnET: https://is.gd/SQTG27";"2025-03-15T23:34:29+0000";"2025-03-17T01:31:51+0000";""
"1";"26";"3";"114391538888_1042549481234069";"data";"data.*";"fetched (200)";"2025-03-16 20:54:17.875916";"Facebook:/<page-id>/posts";"#Nacional | El supuesto cabecilla era considerado un Objetivo de Alto Valor y estaría vinculado a alias ""Fito"" #LéaloEnET: https://is.gd/9pmUlc";"2025-03-15T23:24:12+0000";"2025-03-16T23:16:02+0000";""
"1";"27";"3";"114391538888_1042510134571337";"data";"data.*";"fetched (200)";"2025-03-16 20:54:17.875916";"Facebook:/<page-id>/posts";"#Nacional | Arcsa notificó a la Fiscalía para investigar el hecho #LéaloEnET: https://is.gd/MgYThj";"2025-03-15T21:51:41+0000";"2025-03-16T21:48:11+0000";""
"1";"28";"3";"114391538888_1042440767911607";"data";"data.*";"fetched (200)";"2025-03-16 20:54:17.875916";"Facebook:/<page-id>/posts";"#Nacional | El programa ""Aprendiendo en Familia"" busca mejorar la calidad de vida de miles de ecuatorianos #LéaloEnET: https://is.gd/YfW1xJ";"2025-03-15T20:22:08+0000";"2025-03-17T01:20:47+0000";""
"1";"29";"3";"114391538888_1042413861247631";"data";"data.*";"fetched (200)";"2025-03-16 20:54:17.875916";"Facebook:/<page-id>/posts";"#Deportes | Estupiñán fue una de las figuras del partido y marcó un espectacular gol de tiro libre en el empate 2-2 como visitante ante los 'citizens' #LéaloEnET: https://is.gd/1ZZHzP";"2025-03-15T19:20:00+0000";"2025-03-15T21:52:50+0000";""
"1";"30";"3";"114391538888_1042377081251309";"data";"data.*";"fetched (200)";"2025-03-16 20:54:17.875916";"Facebook:/<page-id>/posts";"#Nacional | ""A usted, contrabandista, y a su comunicadora de confianza, ajusten sus relojes, la cuenta regresiva empezó"", publicó José Julio Neira en su cuenta X #LéaloEnET: https://is.gd/vcAFTG";"2025-03-15T18:11:36+0000";"2025-03-16T18:54:50+0000";""
"1";"31";"3";"114391538888_1042376617918022";"data";"data.*";"fetched (200)";"2025-03-16 20:54:17.875916";"Facebook:/<page-id>/posts";"#Nacional | ""A usted, contrabandista, y a su comunicadora de confianza, ajusten sus relojes, la cuenta regresiva empezó"", publicó José Julio Neira en su cuenta X #LéaloEnET: https://is.gd/vcAFTG";"2025-03-15T18:10:43+0000";"2025-03-17T00:16:36+0000";""
"1";"32";"3";"114391538888_1042299691259048";"data";"data.*";"fetched (200)";"2025-03-16 20:54:17.875916";"Facebook:/<page-id>/posts";"#AHORA |  Con 24 convocados, Ecuador se prepara para las fechas 13 y 14 de eliminatorias. Conoce quién está en la lista #LéaloEnET: is.gd/nY1OZ1";"2025-03-15T15:49:45+0000";"2025-03-16T16:12:12+0000";""
"1";"33";"3";"114391538888_1042289464593404";"data";"data.*";"fetched (200)";"2025-03-16 20:54:17.875916";"Facebook:/<page-id>/posts";"#Mundo | La nueva medida de Estados Unidos incluiría prohibición total para 10 países y restricciones severas para otros 32 #LéaloeneT: https://is.gd/RA8yJq";"2025-03-15T15:32:27+0000";"2025-03-16T21:39:56+0000";""
"1";"34";"3";"114391538888_1042217557933928";"data";"data.*";"fetched (200)";"2025-03-16 20:54:17.875916";"Facebook:/<page-id>/posts";"#Fanático I #VIDEO Barcelona Sporting Club publicó el video del discurso de Segundo Castillo antes del juego contra Corinthians en Brasil. No solo fue la pinta. #LéaloenET: https://is.gd/WbIypb";"2025-03-15T13:30:01+0000";"2025-03-15T13:30:01+0000";""
"1";"35";"3";"114391538888_1042200337935650";"data";"data.*";"fetched (200)";"2025-03-16 20:54:17.875916";"Facebook:/<page-id>/posts";"#Quito I El TCE dio quince días al CNE para entregar los formularios y empezar la recolección de firmas para revocatoria de mandato del alcalde de Quito, Pabel Muñoz. #LéaloenET: https://is.gd/gTBtob";"2025-03-15T13:00:03+0000";"2025-03-17T00:00:59+0000";""
"1";"36";"3";"114391538888_1042165094605841";"data";"data.*";"fetched (200)";"2025-03-16 20:54:17.875916";"Facebook:/<page-id>/posts";"#Seguridad I Policía desmanteló organización delictiva presuntamente dedicada a la venta de billetes falsos en terminales terrestres. #LéaloEnET https://is.gd/kCoJfL";"2025-03-15T12:00:11+0000";"2025-03-15T18:57:51+0000";""
"1";"37";"3";"114391538888_1042132471275770";"data";"data.*";"fetched (200)";"2025-03-16 20:54:17.875916";"Facebook:/<page-id>/posts";"#Tendencia | Once de los doce baños del avión dejaron de funcionar, lo que obligó a la tripulación a retornar tras más de diez horas de vuelo #LéaloEnET: https://is.gd/PKo91E";"2025-03-15T11:00:37+0000";"2025-03-16T01:57:18+0000";""
"1";"38";"3";"114391538888_1041900987965585";"data";"data.*";"fetched (200)";"2025-03-16 20:54:17.875916";"Facebook:/<page-id>/posts";"#Nacionales I El Ministerio de Transporte y Obras Públicas anunció el lanzamiento de la Licitación Pública Internacional para el mantenimiento de la vía E487 Balbanera – Pallatanga – Cumandá. #LéaloenET: https://is.gd/rYqvSB";"2025-03-15T03:14:24+0000";"2025-03-16T02:56:01+0000";""
"1";"39";"3";"114391538888_1041887831300234";"data";"data.*";"fetched (200)";"2025-03-16 20:54:17.875916";"Facebook:/<page-id>/posts";"#Nacionales I El Ministerio de Economía y Finanzas entregó un informe sobre las asignaciones para los GAD durante el Gobierno de Daniel Noboa. #LéaloenET: https://is.gd/TXDYgQ";"2025-03-15T02:49:16+0000";"2025-03-17T00:50:53+0000";""
"1";"40";"3";"114391538888_1041860874636263";"data";"data.*";"fetched (200)";"2025-03-16 20:54:17.875916";"Facebook:/<page-id>/posts";"#Quito I El TCE dio quince días al CNE para entregar los formularios y empezar la recolección de firmas para revocatoria de mandato del alcalde de Quito, Pabel Muñoz. #LéaloenET:  https://is.gd/gTBtob";"2025-03-15T01:59:32+0000";"2025-03-17T00:23:07+0000";""
"1";"41";"3";"114391538888_1041842274638123";"data";"data.*";"fetched (200)";"2025-03-16 20:54:17.875916";"Facebook:/<page-id>/posts";"#Seguridad I Tribunal determinó que la jueza incurrió ""en una infracción gravísima de manifiesta negligencia"", tras una acción de protección para ""entorpecer y demorar"" un contrato entre el Sercop y una empresa privada. #LéaloEnET https://is.gd/i4XQKi";"2025-03-15T01:21:17+0000";"2025-03-16T22:41:17+0000";""
"1";"42";"3";"114391538888_1041825911306426";"data";"data.*";"fetched (200)";"2025-03-16 20:54:17.875916";"Facebook:/<page-id>/posts";"#Fanático I El Ministerio del Deporte está al tanto de la apelación a las elecciones que dieron a Jorge Guzmán la presidencia de Emelec. Mientras tanto, el directivo azul calculó el déficit del club. ¿Cuánto debe el Bombillo? #LéaloenET: https://is.gd/B4cPlC";"2025-03-15T00:47:32+0000";"2025-03-15T00:47:32+0000";""
"1";"43";"3";"diarioeltelegrafo";"offcut";"";"fetched (200)";"2025-03-16 20:54:17.875916";"Facebook:/<page-id>/posts";"";"";"";""
"1";"44";"4";"137510846272686_1107669214737533";"data";"data.*";"fetched (200)";"2025-03-16 20:54:18.573578";"Facebook:/<page-id>/posts";"¿Qué hay de real en la película 'Cónclave'? 🤔🎥👇 https://www.elcomercio.com/tendencias/cine/conclave-papa-francisco-pelicula.html #Cónclave #PapaFrancisco #Vaticano #Cine";"2025-03-17T01:30:39+0000";"2025-03-17T01:41:55+0000";""
"1";"45";"4";"137510846272686_1107665601404561";"data";"data.*";"fetched (200)";"2025-03-16 20:54:18.573578";"Facebook:/<page-id>/posts";"El petróleo contamina todo en Esmeraldas. Conozca qué ocurre 👇  https://f.mtr.cool/reyiqbugah";"2025-03-17T01:23:38+0000";"2025-03-17T01:51:41+0000";""
"1";"46";"4";"137510846272686_1107661738071614";"data";"data.*";"fetched (200)";"2025-03-16 20:54:18.573578";"Facebook:/<page-id>/posts";"¿Estás seguro de dónde juegas y apuestas online? 🧐💻 Protege tu información.👇 https://www.elcomercio.com/games/apuestas-videojuegos-ciberseguridad-estafas.html  #Ciberseguridad #ApuestasOnline #Ecuador";"2025-03-17T01:15:30+0000";"2025-03-17T01:53:51+0000";""
"1";"47";"4";"137510846272686_1107656768072111";"data";"data.*";"fetched (200)";"2025-03-16 20:54:18.573578";"Facebook:/<page-id>/posts";"¡Liga de Quito no pudo ser puntero! Emelec ganó después de seis meses y dejó el último puesto de la Liga Pro: https://www.elcomercio.com/deportes/futbol/vivo-emelec-liga-quito-fecha-5.html";"2025-03-17T01:04:39+0000";"2025-03-17T01:51:57+0000";""
"1";"48";"4";"137510846272686_1107656234738831";"data";"data.*";"fetched (200)";"2025-03-16 20:54:18.573578";"Facebook:/<page-id>/posts";"⛈️ El #Inamhi dio las previsiones del clima para esta noche y madrugada: https://www.elcomercio.com/actualidad/lluvias-quito-domingo-16-marzo.html";"2025-03-17T01:03:40+0000";"2025-03-17T01:46:39+0000";""
"1";"49";"4";"137510846272686_1107642228073565";"data";"data.*";"fetched (200)";"2025-03-16 20:54:18.573578";"Facebook:/<page-id>/posts";"El Ministerio del Ambiente tomó la decisión este domingo 16 de marzo👇  https://f.mtr.cool/itymcrjkgx  Foto: Cuerpo de Bomberos de Quito";"2025-03-17T00:33:32+0000";"2025-03-17T01:36:48+0000";""
"1";"50";"4";"137510846272686_1107626414741813";"data";"data.*";"fetched (200)";"2025-03-16 20:54:18.573578";"Facebook:/<page-id>/posts";"🇵🇦 #Panamá permaneció sin servicio eléctrico durante más de dos horas: https://www.elcomercio.com/actualidad/explosion-apagon-general-panama.html";"2025-03-17T00:02:16+0000";"2025-03-17T01:43:46+0000";""
"1";"51";"4";"137510846272686_1107619544742500";"data";"data.*";"fetched (200)";"2025-03-16 20:54:18.573578";"Facebook:/<page-id>/posts";"🚨 La víctima fue sorprendida luego de salir de una iglesia, en el sector de la #Mañosca: https://www.elcomercio.com/actualidad/mujer-asesinato-ataque-armado-quito.html";"2025-03-16T23:45:29+0000";"2025-03-17T01:54:17+0000";""
"1";"52";"4";"137510846272686_1107615314742923";"data";"data.*";"fetched (200)";"2025-03-16 20:54:18.573578";"Facebook:/<page-id>/posts";"El Ministerio del Ambiente explicó los motivos del cierre 👇  https://www.elcomercio.com/actualidad/ecuador/montanistas-evacuados-avalancha-volcan-cotopaxi.html";"2025-03-16T23:35:33+0000";"2025-03-17T01:08:09+0000";""
"1";"53";"4";"137510846272686_1107613421409779";"data";"data.*";"fetched (200)";"2025-03-16 20:54:18.573578";"Facebook:/<page-id>/posts";"La coprotagonista de 'La Sustancia' heredó el talento y los genes de sus padres, o ¿no? https://f.mtr.cool/tsglaalvbk";"2025-03-16T23:31:18+0000";"2025-03-17T00:12:20+0000";""
"1";"54";"4";"137510846272686_1107613054743149";"data";"data.*";"fetched (200)";"2025-03-16 20:54:18.573578";"Facebook:/<page-id>/posts";"""El futuro del cacao ecuatoriano, depende de su capacidad para adaptarse a los cambios del mercado"". Te compartimos la columna de opinión de Guido Calderón👇  #opinión #columnistas";"2025-03-16T23:30:39+0000";"2025-03-16T23:30:39+0000";""
"1";"55";"4";"137510846272686_1107607774743677";"data";"data.*";"fetched (200)";"2025-03-16 20:54:18.573578";"Facebook:/<page-id>/posts";"#EnVivo ¡Realidades distintas! Liga de Quito busca la punta, Emelec salir del fondo de la Liga Pro y te llevamos el partido: https://www.elcomercio.com/deportes/vivo-emelec-liga-quito-fecha-5.html";"2025-03-16T23:17:35+0000";"2025-03-17T00:13:04+0000";""
"1";"56";"4";"137510846272686_1107595024744952";"data";"data.*";"fetched (200)";"2025-03-16 20:54:18.573578";"Facebook:/<page-id>/posts";"Esto sucedió con las ocho personas atrapadas por la avalancha 👇  https://www.elcomercio.com/actualidad/ecuador/montanistas-evacuados-avalancha-volcan-cotopaxi.html";"2025-03-16T22:50:20+0000";"2025-03-17T00:49:18+0000";""
"1";"57";"4";"137510846272686_1107582164746238";"data";"data.*";"fetched (200)";"2025-03-16 20:54:18.573578";"Facebook:/<page-id>/posts";"#Video ¡Enchufado para la Tri! Piero Hincapié anotó un golazo en la remontada del Bayer Leverkusen: https://www.elcomercio.com/deportes/golazo-piero-hincapie-remontada-leverkusen-stuttgart.html";"2025-03-16T22:21:07+0000";"2025-03-16T23:13:11+0000";""
"1";"58";"4";"137510846272686_1107538324750622";"data";"data.*";"fetched (200)";"2025-03-16 20:54:18.573578";"Facebook:/<page-id>/posts";"¡Macará casi sorprende! Independiente del Valle salvó un resultado contra Macará sobre la hora y está en la parte baja de la tabla: https://www.elcomercio.com/deportes/independiente-macara-liga-pro-partido.html";"2025-03-16T20:46:24+0000";"2025-03-17T01:20:07+0000";""
"1";"59";"4";"137510846272686_1107531791417942";"data";"data.*";"fetched (200)";"2025-03-16 20:54:18.573578";"Facebook:/<page-id>/posts";"""El video, en tono relajado y bromista, sugiere una aparente jerarquía donde el verdadero control queda en evidencia"". Te invitamos a leer la columna de opinión de Gerardo Villacreces Carbo👇  #opinión #columnistas";"2025-03-16T20:31:19+0000";"2025-03-17T01:25:09+0000";""
"1";"60";"4";"137510846272686_1107518154752639";"data";"data.*";"fetched (200)";"2025-03-16 20:54:18.573578";"Facebook:/<page-id>/posts";"🌊Las olas de #PlayaHermosa, en el Pacífico de #CostaRica, son un imán para miles de #turistas y surfistas 🏄‍♂️Conocida como el Estadio Nacional del Surf, esta playa de 8 km es un verdadero santuario donde niños, turistas y profesionales disfrutan del mar.";"2025-03-16T20:02:03+0000";"2025-03-16T20:02:03+0000";""
"1";"61";"4";"137510846272686_1107503218087466";"data";"data.*";"fetched (200)";"2025-03-16 20:54:18.573578";"Facebook:/<page-id>/posts";"¡Fin de la carrera! Tirreno Adriático acabó tras siete días y así le fue a Richard Carapaz: https://www.elcomercio.com/deportes/richard-caparaz-tirreno-adriatico-posicion.html";"2025-03-16T19:30:33+0000";"2025-03-16T21:35:29+0000";""
"1";"62";"4";"137510846272686_1107501378087650";"data";"data.*";"fetched (200)";"2025-03-16 20:54:18.573578";"Facebook:/<page-id>/posts";"El Vaticano difunde una foto del Santo Padre 👇  https://www.elcomercio.com/actualidad/mundo/el-vaticano-difunde-primera-foto-papa-francisco-hospitalizacion.html";"2025-03-16T19:26:51+0000";"2025-03-17T01:50:49+0000";""
"1";"63";"4";"137510846272686_1107496268088161";"data";"data.*";"fetched (200)";"2025-03-16 20:54:18.573578";"Facebook:/<page-id>/posts";"En 2024, el cacao fue el rey de los productos de exportación de Ecuador 👇  https://www.elcomercio.com/actualidad/negocios/ecuador-duplico-exportaciones-cacao-conozca-sus-principales-destinos.html";"2025-03-16T19:15:25+0000";"2025-03-17T00:48:47+0000";""
"1";"64";"4";"137510846272686_1107462184758236";"data";"data.*";"fetched (200)";"2025-03-16 20:54:18.573578";"Facebook:/<page-id>/posts";"El crudo ya está en la superficie del agua de los canales del área protegida 👇 https://www.elcomercio.com/actualidad/emergencia-ambienta-refugio-derrame-crudo-sote.html";"2025-03-16T18:15:27+0000";"2025-03-17T01:14:24+0000";""
"1";"65";"4";"137510846272686_1107443228093465";"data";"data.*";"fetched (200)";"2025-03-16 20:54:18.573578";"Facebook:/<page-id>/posts";"El Ministerio del Ambiente alertó sobre el hecho este domingo 16 de marzo de 2025.👇  https://www.elcomercio.com/actualidad/ecuador/avalancha-volcan-cotopaxi-tragedia.html  Foto: Mauricio Muñoz / Unsplash";"2025-03-16T17:42:22+0000";"2025-03-17T01:25:54+0000";""
"1";"66";"4";"137510846272686_1107441464760308";"data";"data.*";"fetched (200)";"2025-03-16 20:54:18.573578";"Facebook:/<page-id>/posts";"13 efectivos del Cuerpo de Bomberos atendieron la emergencia👇 https://www.elcomercio.com/actualidad/incendio-el-condado-bomberos-quito.html";"2025-03-16T17:39:21+0000";"2025-03-16T17:39:21+0000";""
"1";"67";"4";"137510846272686_1107428041428317";"data";"data.*";"fetched (200)";"2025-03-16 20:54:18.573578";"Facebook:/<page-id>/posts";"¡Accidentado gran premio! El estreno de la Fórmula 1 tuvo inconvenientes climáticos y así fue la carrera y los resultados: https://www.elcomercio.com/deportes/formula-uno-gran-premio-australia-resultados-2025.html";"2025-03-16T17:15:57+0000";"2025-03-16T17:25:52+0000";""
"1";"68";"4";"137510846272686_1107410418096746";"data";"data.*";"fetched (200)";"2025-03-16 20:54:18.573578";"Facebook:/<page-id>/posts";"Tremendo susto se llevó el español en el arranque de su gira 'Importante Tour' 👇 https://www.elcomercio.com/tendencias/entretenimiento/miguel-bose-mexico-gira-susto-fans.html";"2025-03-16T16:46:20+0000";"2025-03-17T01:40:03+0000";""
"1";"69";"4";"137510846272686_1107400648097723";"data";"data.*";"fetched (200)";"2025-03-16 20:54:18.573578";"Facebook:/<page-id>/posts";"""La desigualdad entre ricos y pobres aumenta aceleradamente, se requiere un acuerdo ético que detenga la brecha"". Te compartimos la columna de opinión de Katerinne Orquera👇  #opinión #columnistas";"2025-03-16T16:30:29+0000";"2025-03-16T18:42:01+0000";""
"1";"70";"4";"137510846272686_1107382201432901";"data";"data.*";"fetched (200)";"2025-03-16 20:54:18.573578";"Facebook:/<page-id>/posts";"¡Moisés Caicedo sí rindió! El Chelsea cayó ante el Arsenal, pero Moisés Caicedo tuvo una destacada actuación: https://www.elcomercio.com/deportes/vivo-chelsea-moises-caicedo-arsenal.html";"2025-03-16T16:02:29+0000";"2025-03-17T00:57:56+0000";""
"1";"71";"4";"137510846272686_1107369631434158";"data";"data.*";"fetched (200)";"2025-03-16 20:54:18.573578";"Facebook:/<page-id>/posts";"Eduardo Franco Loor y tres exconsejeros del Cpccs enfrentan una acusación en el caso Ligados https://www.elcomercio.com/actualidad/franco-loor-medidas-fiscalia-caso-ligados.html";"2025-03-16T15:45:23+0000";"2025-03-17T01:54:15+0000";""
"1";"72";"4";"137510846272686_1107357644768690";"data";"data.*";"fetched (200)";"2025-03-16 20:54:18.573578";"Facebook:/<page-id>/posts";"¡El tricolor en alto! El ecuatoriano Carlos Vera logró un triunfo histórico en la UFC: https://www.elcomercio.com/deportes/carlos-vera-primer-triunfo-ufc.html";"2025-03-16T15:31:21+0000";"2025-03-16T22:31:42+0000";""
"1";"73";"4";"137510846272686_1107324528105335";"data";"data.*";"fetched (200)";"2025-03-16 20:54:18.573578";"Facebook:/<page-id>/posts";"El Ministerio de Energía y Minas informó sobre el avance del plan de contingencia en El Vergel👇 https://www.elcomercio.com/actualidad/ecuador/crudo-derrame-el-vergel-plan-contingencia.html";"2025-03-16T14:48:51+0000";"2025-03-17T01:53:29+0000";""
"1";"74";"4";"elcomerciocom";"offcut";"";"fetched (200)";"2025-03-16 20:54:18.573578";"Facebook:/<page-id>/posts";"";"";"";""
"1";"75";"5";"149434585143234_1001560282037155";"data";"data.*";"fetched (200)";"2025-03-16 20:54:19.460015";"Facebook:/<page-id>/posts";"(P) ✅ Informe 16/03/2025 del alcalde de Cuenca, Cristian Zamora - Alcalde de Cuenca 2023";"2025-03-17T00:45:35+0000";"2025-03-17T01:45:33+0000";""
"1";"76";"5";"149434585143234_959332946403054";"data";"data.*";"fetched (200)";"2025-03-16 20:54:19.460015";"Facebook:/<page-id>/posts";"⚽🇪🇨#Ecuador se ubica en el tercer puesto de las Eliminatorias. Pero, ¿cuántos más debe conseguir en los siguientes partidos para estar en el Mundial 2026?👇";"2025-03-17T00:13:23+0000";"2025-03-17T01:52:50+0000";""
"1";"77";"5";"149434585143234_959312303071785";"data";"data.*";"fetched (200)";"2025-03-16 20:54:19.460015";"Facebook:/<page-id>/posts";"#ECUADOR | La Senescyt abrió la convocatoria para las becas ‘Nuevo Ecuador’ y ‘Desarrollatec’. ¿Cómo postular?👇";"2025-03-16T23:26:11+0000";"2025-03-17T01:36:26+0000";""
"1";"78";"5";"149434585143234_959296656406683";"data";"data.*";"fetched (200)";"2025-03-16 20:54:19.460015";"Facebook:/<page-id>/posts";"En las instalaciones del Portal Puente Blanco se realiza la presentación de la plantilla e indumentaria del Gualaceo SC para la LigaPro Serie B 2025. El equipo azuayo juega este miércoles 19 de marzo, desde las 19:00 ante Chacaritas, en el estadio Alejandro Serrano Aguilar.";"2025-03-16T22:52:27+0000";"2025-03-17T01:13:27+0000";""
"1";"79";"5";"149434585143234_959291149740567";"data";"data.*";"fetched (200)";"2025-03-16 20:54:19.460015";"Facebook:/<page-id>/posts";"🇪🇨⚠️Migrantes ecuatorianos en #EEUU enfrentan incertidumbre por la nueva app CBP Home, que promueve la ""autodeportación"".👇";"2025-03-16T22:39:37+0000";"2025-03-17T01:35:57+0000";""
"1";"80";"5";"149434585143234_959265349743147";"data";"data.*";"fetched (200)";"2025-03-16 20:54:19.460015";"Facebook:/<page-id>/posts";"🏎️🔥 ¡#LandoNorris brilla bajo la lluvia en Melbourne! El británico de McLaren se lleva la primera victoria de la F1 2025.👇";"2025-03-16T21:45:25+0000";"2025-03-16T21:45:49+0000";""
"1";"81";"5";"149434585143234_959240003079015";"data";"data.*";"fetched (200)";"2025-03-16 20:54:19.460015";"Facebook:/<page-id>/posts";"Han pasado cinco años desde que #Ecuador decretó el confinamiento por la pandemia del #COVID-19.👇";"2025-03-16T20:56:51+0000";"2025-03-17T00:47:32+0000";""
"1";"82";"5";"149434585143234_959230223079993";"data";"data.*";"fetched (200)";"2025-03-16 20:54:19.460015";"Facebook:/<page-id>/posts";"📰Portada impresa del domingo 16 de marzo de 2025.";"2025-03-16T20:42:37+0000";"2025-03-17T00:47:50+0000";""
"1";"83";"5";"149434585143234_959223093080706";"data";"data.*";"fetched (200)";"2025-03-16 20:54:19.460015";"Facebook:/<page-id>/posts";"#ECUADOR | Al menos ocho personas quedaron atrapadas tras una avalancha en el volcán Cotopaxi, a más de 5.800 metros de altitud.👇";"2025-03-16T20:31:38+0000";"2025-03-17T01:53:11+0000";""
"1";"84";"5";"149434585143234_959200169749665";"data";"data.*";"fetched (200)";"2025-03-16 20:54:19.460015";"Facebook:/<page-id>/posts";"El Vaticano difundió este domingo la primera foto del #PapaFrancisco desde su hospitalización el pasado 14 de febrero.👇";"2025-03-16T19:56:54+0000";"2025-03-17T01:36:25+0000";""
"1";"85";"5";"149434585143234_959181196418229";"data";"data.*";"fetched (200)";"2025-03-16 20:54:19.460015";"Facebook:/<page-id>/posts";"#ELECCIONES2025 | 🇪🇨🗳️⚠️El CNE prohíbe el uso de celulares en la 2da vuelta. Quienes incumplan enfrentará esta multa:👇";"2025-03-16T19:18:42+0000";"2025-03-17T01:54:01+0000";""
"1";"86";"5";"149434585143234_959148123088203";"data";"data.*";"fetched (200)";"2025-03-16 20:54:19.460015";"Facebook:/<page-id>/posts";"Más detalles: #CUENCA |💡Centrosur está reemplazando los medidores convencionales por medidores AMI sin costo para los usuarios. Conozca de qué trata.👇";"2025-03-16T18:08:52+0000";"2025-03-17T01:06:36+0000";""
"1";"87";"5";"149434585143234_959096406426708";"data";"data.*";"fetched (200)";"2025-03-16 20:54:19.460015";"Facebook:/<page-id>/posts";"🗓️ Un día como hoy, hace 5 años #Ecuador entró en confinamiento por #COVID-19. 🏡🚫 Calles vacías, economía paralizada y un país en incertidumbre.👇";"2025-03-16T16:35:14+0000";"2025-03-17T01:16:29+0000";""
"1";"88";"5";"149434585143234_959072896429059";"data";"data.*";"fetched (200)";"2025-03-16 20:54:19.460015";"Facebook:/<page-id>/posts";"💰⚽CONMEBOL ha incrementado los premios económicos en todos sus campeonatos.👇";"2025-03-16T15:56:23+0000";"2025-03-16T15:56:56+0000";""
"1";"89";"5";"149434585143234_959042279765454";"data";"data.*";"fetched (200)";"2025-03-16 20:54:19.460015";"Facebook:/<page-id>/posts";"#AZUAY | Conozca el estado e la vías para este domingo 16 de marzo de 2025. *HORA DE CORTE:* 07:00  ✅ VÍA CUENCA-GUALACEO-LIMÓN: Habilitada, conducir con precaución por deslizamientos en la vía sector Ingamullo II en los km 6, 29, 39+500, 47, 54 y 57.  ✅ VÍA CUENCA - LUMAGPAMBA - GUALACEO [E-594]: Habilitada  ✅ VÍA PAUTE - GUARUMALES – MENDEZ [E-40]: Habilitada conducir con precaución en el km 44 y 105. ⚠️ VÍA CUENCA - GIRON - PASAJE [E-59]: Parcialmente habilitada en el km 45 y 66. Conducir con precaución en los km 58, 72, 75.  ⚠️ VÍA CUENCA-MOLLETURO-NARANJAL [E-582]: Parcialmente habilitada en el Km 53, 59, 62, 71, 74, 75, 80. Conducir con precaución en el km  91, 93, 95 y 99.  ✅ VÍA CUENCA - SIGSIG - MATANGA [E-594]: Habilitada  ✅ VÍA CUENCA - CAÑAR - ALAUSI [E-35]: Habilitada ✅ VÍA AUTOPISTA CUENCA – AZOGUES [E35]: Habilitada ✅VÍA CUMBE - LA JARATA - OÑA [E-35]: Habilitada ⚠️ VÍA ZHUD – COCHANCAY-EL TRIUNFO [E-40]: Parcialmente habilitada sector Javín";"2025-03-16T15:06:11+0000";"2025-03-16T15:06:11+0000";""
"1";"90";"5";"149434585143234_959037723099243";"data";"data.*";"fetched (200)";"2025-03-16 20:54:19.460015";"Facebook:/<page-id>/posts";"(P) La familia Monte Bianco crece y presenta: Caffé Bianco, “El Sabor de la Sobremesa”  Monte Bianco, con más de 40 años de tradición en heladería y pastelería, evoluciona con Caffé Bianco, un nuevo concepto gastronómico que combina lo dulce y lo salado en un solo lugar.  Disfruta de desayunos, crepés, sándwiches, pizzas romanas, ensaladas, lasagnas y los inigualables postres y gelatos que han conquistado a generaciones.  📍 Visita Caffe Bianco en Juan Iñiguez y Remigio Crespo a partir de las 8:30 am y disfruta de su promoción especial de apertura.   #ElSaborDeLaSobremesa #MonteBianco #cafeteriascuenca #FoodLovers #brunch  @https://www.facebook.com/profile.php?id=61571959087572";"2025-03-16T15:00:22+0000";"2025-03-16T15:00:22+0000";""
"1";"91";"5";"149434585143234_504936162669187";"data";"data.*";"fetched (200)";"2025-03-16 20:54:19.460015";"Facebook:/<page-id>/posts";"Arriban las primeras atletas de la carrera Warmi Runner en su edición 14.";"2025-03-16T13:30:12+0000";"2025-03-16T15:28:22+0000";""
"1";"92";"5";"149434585143234_958630146473334";"data";"data.*";"fetched (200)";"2025-03-16 20:54:19.460015";"Facebook:/<page-id>/posts";"⚽⚽ El #DeportivoCuenca le saca un punto al #Delfín durante su visita a Manta. 👇";"2025-03-16T02:02:21+0000";"2025-03-16T19:43:36+0000";""
"1";"93";"5";"149434585143234_958582309811451";"data";"data.*";"fetched (200)";"2025-03-16 20:54:19.460015";"Facebook:/<page-id>/posts";"Conozca a Marialicia Morejón, cuencana de 21 años, que  nos muestra su habilidad en el arte de la pintura y el dibujo. Anahata Art es su emprendimiento.  ¿Quieres conocer sobre esta iniciativa?  🗞️ Te invitamos a revisar nuestra edición impresa del domingo 16 de marzo. 🖌️🎨✍️";"2025-03-16T01:05:22+0000";"2025-03-16T03:08:36+0000";""
"1";"94";"5";"149434585143234_958553256481023";"data";"data.*";"fetched (200)";"2025-03-16 20:54:19.460015";"Facebook:/<page-id>/posts";"⚽ El Deportivo Cuenca ya enfrenta al Delfín en el estadio Jocay de #Manta, por la quinta fecha de la LigaPro Serie A. El Cuenca tiene 6 puntos (2 victorias y 2 derrotas), mientras que Delfín suma 4 puntos (1 triunfo, 1 empate y 2 caídas). ¿Podrá el Cuenca superar las ausencias y dar la sorpresa? 👇";"2025-03-16T00:00:52+0000";"2025-03-16T03:08:47+0000";""
"1";"95";"5";"149434585143234_958525899817092";"data";"data.*";"fetched (200)";"2025-03-16 20:54:19.460015";"Facebook:/<page-id>/posts";"🚨 Triste noticia en #Ricaurte. Este sábado 15 de marzo de 2025, personal de tránsito de la EMOV EP tomó procedimiento tras un presunto accidente en la avenida 25 de Marzo y calle Julia Bernal. 👇";"2025-03-15T23:00:05+0000";"2025-03-15T23:33:42+0000";""
"1";"96";"5";"149434585143234_958485586487790";"data";"data.*";"fetched (200)";"2025-03-16 20:54:19.460015";"Facebook:/<page-id>/posts";"🚨Operativo en Camilo Ponce Enríquez. El viernes 14 de marzo de 2025, el personal policial detuvo a cuatro presuntos integrantes de la organización delictiva ‘Los Lobos’ en Shumiral. 👇";"2025-03-15T22:16:13+0000";"2025-03-17T01:26:59+0000";""
"1";"97";"5";"149434585143234_958427566493592";"data";"data.*";"fetched (200)";"2025-03-16 20:54:19.460015";"Facebook:/<page-id>/posts";"🎨'ExpresArte' se vivió el 14 de marzo de 2025 en la la Plaza Cívica y en la Plazoleta Hermano Miguel. Ambos espacios fueron el corazón de la segunda edición de este evento que vincula arte y reflexión. 👇";"2025-03-15T21:00:05+0000";"2025-03-15T21:11:27+0000";""
"1";"98";"5";"149434585143234_958408569828825";"data";"data.*";"fetched (200)";"2025-03-16 20:54:19.460015";"Facebook:/<page-id>/posts";"SE BUSCA En el centro de Cuenca por la Calle Gran Colombia y Vegas Machuca  alrededor del medio dia se extravio. Toma medicacion diaria y la dueña quiere dar una buena recompensa.  Informes al: 0969036065";"2025-03-15T20:26:27+0000";"2025-03-16T00:56:30+0000";""
"1";"99";"5";"149434585143234_958403719829310";"data";"data.*";"fetched (200)";"2025-03-16 20:54:19.460015";"Facebook:/<page-id>/posts";"🚨 Lamentable noticia en #Cuenca  Este sábado 15 de marzo de 2025, el Cuerpo de Bomberos de Cuenca encontró el cuerpo del adolescente que cayó al río Tomebamba el pasado 7 de marzo. 👇";"2025-03-15T20:15:59+0000";"2025-03-16T21:12:01+0000";""
"1";"100";"5";"149434585143234_958395963163419";"data";"data.*";"fetched (200)";"2025-03-16 20:54:19.460015";"Facebook:/<page-id>/posts";"La Municipalidad de #Cuenca presentó 6 propuestas para renovar El Arenal. Con esto se busca convertirlo en un centro de comercio nuevo con enfoque en sostenibilidad verde. 🌱 👇";"2025-03-15T20:00:06+0000";"2025-03-16T21:37:46+0000";""
"1";"101";"5";"149434585143234_958366773166338";"data";"data.*";"fetched (200)";"2025-03-16 20:54:19.460015";"Facebook:/<page-id>/posts";"El Mirador de la Loma de Cullca ya está listo. Cuenta con una pasarela renovada, sistemas eléctricos mejorados y una cámara de videovigilancia con botón de pánico. 👇";"2025-03-15T19:00:06+0000";"2025-03-16T15:35:40+0000";""
"1";"102";"5";"149434585143234_958338509835831";"data";"data.*";"fetched (200)";"2025-03-16 20:54:19.460015";"Facebook:/<page-id>/posts";"🌿 Conozca el poder de la medicina ancestral en #Cuenca 🌿 En las comunidades rurales, la sabiduría de las plantas y la sanación espiritual han sido transmitidas de generación en generación. Hoy, ese conocimiento llega la ciudad gracias al proyecto 'Yerbateras', en la Borrero y Juan Jaramillo. 👇";"2025-03-15T18:02:54+0000";"2025-03-16T22:17:31+0000";""
"1";"103";"5";"149434585143234_958298586506490";"data";"data.*";"fetched (200)";"2025-03-16 20:54:19.460015";"Facebook:/<page-id>/posts";"⚽ Noche de fútbol en la LigaPro. Este sábado, desde las 19:00, #DeportivoCuenca enfrentará a #Delfín en el estadio Jocay, por la quinta fecha de la #LigaPro Serie A. 👇";"2025-03-15T16:51:05+0000";"2025-03-15T17:08:44+0000";""
"1";"104";"5";"149434585143234_958286436507705";"data";"data.*";"fetched (200)";"2025-03-16 20:54:19.460015";"Facebook:/<page-id>/posts";"SERVICIO SOCIAL:  Ciudadana solicita ayuda luego de verse afectada por choque de su vehículo:";"2025-03-15T16:31:50+0000";"2025-03-15T21:52:57+0000";""
"1";"105";"5";"elmercurioec";"offcut";"";"fetched (200)";"2025-03-16 20:54:19.460015";"Facebook:/<page-id>/posts";"";"";"";""
"1";"106";"6";"61449504559_1081247907377615";"data";"data.*";"fetched (200)";"2025-03-16 20:54:20.157523";"Facebook:/<page-id>/posts";"Libertad FC lidera la tabla con 10 puntos, seguido de Universidad Católica, Macará y Barcelona SC, cada uno con nueve unidades.  ";"2025-03-17T01:52:12+0000";"2025-03-17T01:52:12+0000";""
"1";"107";"6";"61449504559_1081244517377954";"data";"data.*";"fetched (200)";"2025-03-16 20:54:20.157523";"Facebook:/<page-id>/posts";"El presidente Daniel Noboa mediante decreto dispuso que el Ministerio del Ambiente asuma la administración del Área Nacional Los Samanes. ";"2025-03-17T01:45:13+0000";"2025-03-17T01:52:29+0000";""
"1";"108";"6";"61449504559_1081237400711999";"data";"data.*";"fetched (200)";"2025-03-16 20:54:20.157523";"Facebook:/<page-id>/posts";"Si una persona tiene la intención de reducir las arrugas y las líneas de expresión naturalmente, podrá para hacer esta mascarilla casera ";"2025-03-17T01:30:13+0000";"2025-03-17T01:30:13+0000";""
"1";"109";"6";"61449504559_1081230897379316";"data";"data.*";"fetched (200)";"2025-03-16 20:54:20.157523";"Facebook:/<page-id>/posts";"El Ministerio de Ambiente, Agua y Transición Ecológica dispondrá el cierre temporal de las Playas Las Palmas, Camarones y Las Piedras. ";"2025-03-17T01:17:11+0000";"2025-03-17T01:26:27+0000";""
"1";"110";"6";"61449504559_1081230137379392";"data";"data.*";"fetched (200)";"2025-03-16 20:54:20.157523";"Facebook:/<page-id>/posts";"Así fue el traslado de supuestos integrantes del Tren de Aragua a El Salvador https://ow.ly/YofJ50ViMj7";"2025-03-17T01:15:19+0000";"2025-03-17T01:54:01+0000";""
"1";"111";"6";"61449504559_1081229624046110";"data";"data.*";"fetched (200)";"2025-03-16 20:54:20.157523";"Facebook:/<page-id>/posts";"Facundo Castelli anotó el tanto con el que los eléctricos vencieron a Liga de Quito en el estadio George Capwell.  https://ow.ly/8TFM50ViObk";"2025-03-17T01:14:07+0000";"2025-03-17T01:49:36+0000";""
"1";"112";"6";"61449504559_1081226320713107";"data";"data.*";"fetched (200)";"2025-03-16 20:54:20.157523";"Facebook:/<page-id>/posts";"Emelec y Liga de Quito se enfrentaron en la fecha 5 de la Liga Pro en el estadio George Capwell, partido en el que los eléctricos se impusieron por 1-0. https://ow.ly/LtHl50ViOai";"2025-03-17T01:07:46+0000";"2025-03-17T01:54:10+0000";""
"1";"113";"6";"61449504559_1081222687380137";"data";"data.*";"fetched (200)";"2025-03-16 20:54:20.157523";"Facebook:/<page-id>/posts";"Hay estudios que hallaron que una simple bebida puede hacer un gran aporte en la prevención de la demencia así como enfermedades cardíacas o cáncer ";"2025-03-17T01:00:27+0000";"2025-03-17T01:26:14+0000";""
"1";"114";"6";"61449504559_1081215150714224";"data";"data.*";"fetched (200)";"2025-03-16 20:54:20.157523";"Facebook:/<page-id>/posts";"Aunque el ajo tiene múltiples propiedades que benefician la salud no tiene el mismo efecto para todos así que debes saber quiénes no pueden comer ajo ";"2025-03-17T00:45:13+0000";"2025-03-17T01:26:22+0000";""
"1";"115";"6";"61449504559_1081208290714910";"data";"data.*";"fetched (200)";"2025-03-16 20:54:20.157523";"Facebook:/<page-id>/posts";"Miguel Pelayo comparte su top 3 de los mejores ejercicios para fortalecer glúteos que puedes hacer desde casa y sin ninguna herramienta más que tu cuerpo  ";"2025-03-17T00:30:14+0000";"2025-03-17T01:26:28+0000";""
"1";"116";"6";"61449504559_1081201057382300";"data";"data.*";"fetched (200)";"2025-03-16 20:54:20.157523";"Facebook:/<page-id>/posts";"Aprende a preparar la mascarilla casera de huevo y limón para suavizar las arrugas de la cara y aportar mayor luminosidad a la piel ";"2025-03-17T00:15:13+0000";"2025-03-17T01:26:35+0000";""
"1";"117";"6";"61449504559_1081194367382969";"data";"data.*";"fetched (200)";"2025-03-16 20:54:20.157523";"Facebook:/<page-id>/posts";"Entre los alimentos más comunes durante el desayuno se encuentran la avena y los huevos ";"2025-03-17T00:00:27+0000";"2025-03-17T00:09:30+0000";""
"1";"118";"6";"61449504559_1081194407382965";"data";"data.*";"fetched (200)";"2025-03-16 20:54:20.157523";"Facebook:/<page-id>/posts";"📺⚽ | #TUniversitario 🔴⚪ vs. #BarcelonaSC 🟡⚫: ¿cuándo juega y dónde ver al equipo de Segundo Castillo en la #LigaPro 🇪🇨🏆? ➡️ https://ow.ly/hgJH50Viqqg";"2025-03-17T00:00:27+0000";"2025-03-17T00:10:05+0000";""
"1";"119";"6";"61449504559_1081187654050307";"data";"data.*";"fetched (200)";"2025-03-16 20:54:20.157523";"Facebook:/<page-id>/posts";"El Ejército de Perú y representantes del gobierno local trabajan en el reforzamiento de las defensas ribereñas ";"2025-03-16T23:45:16+0000";"2025-03-17T00:03:31+0000";""
"1";"120";"6";"61449504559_1081180720717667";"data";"data.*";"fetched (200)";"2025-03-16 20:54:20.157523";"Facebook:/<page-id>/posts";"El presidente estadounidense Donald Trump ha implementado severas políticas migratorias desde su llegada al poder. ";"2025-03-16T23:30:16+0000";"2025-03-17T00:03:38+0000";""
"1";"121";"6";"61449504559_1081173174051755";"data";"data.*";"fetched (200)";"2025-03-16 20:54:20.157523";"Facebook:/<page-id>/posts";"La Arquidiócesis Primada de México subraya que la violencia y la desaparición forzada se han convertido en una constante ";"2025-03-16T23:15:13+0000";"2025-03-17T00:03:44+0000";""
"1";"122";"6";"61449504559_1081166874052385";"data";"data.*";"fetched (200)";"2025-03-16 20:54:20.157523";"Facebook:/<page-id>/posts";"Los rebeldes hutíes de Yemen reivindicaron este domingo un ataque contra un portaaviones estadounidense, en respuesta a los bombardeos norteamericanos. ";"2025-03-16T23:00:36+0000";"2025-03-17T00:53:45+0000";""
"1";"123";"6";"61449504559_1081160550719684";"data";"data.*";"fetched (200)";"2025-03-16 20:54:20.157523";"Facebook:/<page-id>/posts";"SD Aucas sorprendió a El Nacional tras vencerlo por 0-1 en el estadio Olímpico Atahualpa.  https://ow.ly/VlKf50ViMSe";"2025-03-16T22:47:01+0000";"2025-03-17T00:03:58+0000";""
"1";"124";"6";"61449504559_1081159737386432";"data";"data.*";"fetched (200)";"2025-03-16 20:54:20.157523";"Facebook:/<page-id>/posts";"El pasado 27 de febrero la Administración republicana publicó un paquete de documentos de los archivos de Jeffrey Epstein ";"2025-03-16T22:45:13+0000";"2025-03-17T01:02:28+0000";""
"1";"125";"6";"61449504559_1081155720720167";"data";"data.*";"fetched (200)";"2025-03-16 20:54:20.157523";"Facebook:/<page-id>/posts";"Flamengo y Fluminense igualaron 0-0, pero en el marcador global el Mengão se impuso por 2-1 coronándose campeón.  ";"2025-03-16T22:36:25+0000";"2025-03-17T00:17:52+0000";""
"1";"126";"6";"61449504559_1081155540720185";"data";"data.*";"fetched (200)";"2025-03-16 20:54:20.157523";"Facebook:/<page-id>/posts";"Ellos han sido vinculados a la desaparición forzada de la joven mantense. ";"2025-03-16T22:36:00+0000";"2025-03-17T00:50:17+0000";""
"1";"127";"6";"61449504559_1081153014053771";"data";"data.*";"fetched (200)";"2025-03-16 20:54:20.157523";"Facebook:/<page-id>/posts";"El Congreso peruano pretende aumentar hasta 5 años la prisión y hasta 365 días multa las sanciones pecuniarias por calumnia y difamación. ";"2025-03-16T22:30:17+0000";"2025-03-17T00:13:40+0000";""
"1";"128";"6";"61449504559_1081147914054281";"data";"data.*";"fetched (200)";"2025-03-16 20:54:20.157523";"Facebook:/<page-id>/posts";"El SRI declaró la extinción de obligaciones tributarias catalogadas de recuperación onerosa, para un grupo de contribuyentes cuyas deudas no superan el valor equivalente a un salario básico, es decir que no sean mayores a $ 470. https://ow.ly/2l4S50ViMCI";"2025-03-16T22:20:16+0000";"2025-03-17T01:51:31+0000";""
"1";"129";"6";"61449504559_1081146217387784";"data";"data.*";"fetched (200)";"2025-03-16 20:54:20.157523";"Facebook:/<page-id>/posts";"El CNE ha aclarado que la restricción será cuando se ejerza el voto y no estará prohibido ingresar a los recintos electorales con el celular. ";"2025-03-16T22:16:08+0000";"2025-03-17T01:52:44+0000";""
"1";"130";"6";"61449504559_1081145637387842";"data";"data.*";"fetched (200)";"2025-03-16 20:54:20.157523";"Facebook:/<page-id>/posts";"El río Teaone no se contaminó de crudo y la gente se moviliza a lavar ropa a ese afluente. ";"2025-03-16T22:15:14+0000";"2025-03-17T01:18:55+0000";""
"1";"131";"6";"61449504559_1081137837388622";"data";"data.*";"fetched (200)";"2025-03-16 20:54:20.157523";"Facebook:/<page-id>/posts";"PSG venció 3-1 a Marsella por jornada 26 de la Ligue 1 en el Parc des Princes.  ";"2025-03-16T21:57:40+0000";"2025-03-16T23:59:39+0000";""
"1";"132";"6";"61449504559_1081132384055834";"data";"data.*";"fetched (200)";"2025-03-16 20:54:20.157523";"Facebook:/<page-id>/posts";"La Unión Americana de Libertades Civiles (ACLU) hizo el pedido este domingo. ";"2025-03-16T21:45:16+0000";"2025-03-17T01:49:55+0000";""
"1";"133";"6";"61449504559_1081131747389231";"data";"data.*";"fetched (200)";"2025-03-16 20:54:20.157523";"Facebook:/<page-id>/posts";"Fiscalía acata disposición de Tribunal de Juicio del caso Metástasis y da paso a nuevas investigaciones sobre jueces, fiscales, periodistas y abogados https://ow.ly/WThc50ViMtr";"2025-03-16T21:43:45+0000";"2025-03-17T01:44:04+0000";""
"1";"134";"6";"61449504559_1081096290726110";"data";"data.*";"fetched (200)";"2025-03-16 20:54:20.157523";"Facebook:/<page-id>/posts";"El rapero exige los derechos para liberar una canción que incluye a su hija de 11 años y a Sean 'Diddy' Combs. ";"2025-03-16T21:30:17+0000";"2025-03-17T01:44:58+0000";""
"1";"135";"6";"61449504559_1081089500726789";"data";"data.*";"fetched (200)";"2025-03-16 20:54:20.157523";"Facebook:/<page-id>/posts";"#Rusia aseguró esta semana haber recuperado el 86 % del territorio ocupado inicialmente por el Ejército ucraniano. ";"2025-03-16T21:15:14+0000";"2025-03-16T23:27:48+0000";""
"1";"136";"6";"eluniversoec";"offcut";"";"fetched (200)";"2025-03-16 20:54:20.157523";"Facebook:/<page-id>/posts";"";"";"";""
"1";"137";"7";"124527150902663_1088491413318633";"data";"data.*";"fetched (200)";"2025-03-16 20:54:20.746605";"Facebook:/<page-id>/posts";"La inquietante predicción de Mhoni Vidente que preocupa a las redes sociales.";"2025-03-17T01:00:14+0000";"2025-03-17T01:31:16+0000";""
"1";"138";"7";"124527150902663_1088486569985784";"data";"data.*";"fetched (200)";"2025-03-16 20:54:20.746605";"Facebook:/<page-id>/posts";"¡Falta poco para el evento más esperado de la temporada!  El sábado 22 de marzo, la Playa Chipipe se transformará en un escenario inolvidable🎶💫  Déjate llevar por los beats de @djchincha 💿, la energía arrolladora de @lachichapower con Israel Maldonado 🎤🕺🏻, el ritmo cautivador de @mattgaliano1 🎷 y la magia vibrante de @cosmicpartyband 🎸⚡  Entre notas musicales y risas infinitas, explorarás un paraíso de sabores con una degustación de más de 30 marcas de vinos, cervezas, Espirituosos, gastronomía, show de pirotecnía, y luces, experiencias únicas 🤩🎶 y seguridad privada.  ¿Listo para sumergirte en la leyenda?🌊👀  Puedes comprar tu entradas en www.instaticket.com.ec Recuerda que los CUPOS SON LIMITADOS  🎟 SILVER $38,25 •⁠ ⁠Cata más de 20 marcas entre vinos y cervezas •⁠ ⁠Copa Souvenir  🎟 GOLDEN $51 •⁠ ⁠Zona VIP •⁠ ⁠Cata más de 30 marcas de vinos y cervezas •⁠ ⁠Copa Souvenir de cristal";"2025-03-17T00:50:02+0000";"2025-03-17T00:50:02+0000";""
"1";"139";"7";"124527150902663_1088463933321381";"data";"data.*";"fetched (200)";"2025-03-16 20:54:20.746605";"Facebook:/<page-id>/posts";"El accidente dio un giro inesperado cuando el joven se levantó y mostró un anillo de compromiso.";"2025-03-17T00:00:27+0000";"2025-03-17T01:00:24+0000";""
"1";"140";"7";"124527150902663_1088431843324590";"data";"data.*";"fetched (200)";"2025-03-16 20:54:20.746605";"Facebook:/<page-id>/posts";"Operativo desarticula presunta banda de sacapintas: https://mwn.news/auEBATmkKvbzreqJ7";"2025-03-16T22:56:07+0000";"2025-03-17T00:56:32+0000";""
"1";"141";"7";"124527150902663_1088426763325098";"data";"data.*";"fetched (200)";"2025-03-16 20:54:20.746605";"Facebook:/<page-id>/posts";"#Quito l Investigan posible sicariato: https://mwn.news/oUZ1R2fBBFtC3K4SA";"2025-03-16T22:47:17+0000";"2025-03-17T01:41:24+0000";""
"1";"142";"7";"124527150902663_1088418373325937";"data";"data.*";"fetched (200)";"2025-03-16 20:54:20.746605";"Facebook:/<page-id>/posts";"#PorSiTeLoPerdiste l La noticia fue confirmada por su madre: https://mwn.news/5cssgiMdLveqJJha6";"2025-03-16T22:30:22+0000";"2025-03-17T01:32:14+0000";""
"1";"143";"7";"124527150902663_1088410303326744";"data";"data.*";"fetched (200)";"2025-03-16 20:54:20.746605";"Facebook:/<page-id>/posts";"Fiscalía formuló cargos contra los 3 exconsejeros y la consejera del Cpccs.";"2025-03-16T22:11:19+0000";"2025-03-17T01:53:51+0000";""
"1";"144";"7";"124527150902663_1088404479993993";"data";"data.*";"fetched (200)";"2025-03-16 20:54:20.746605";"Facebook:/<page-id>/posts";"El accidente dio un giro inesperado cuando el joven se levantó: https://mwn.news/UUce3yCtsemZ1iW56";"2025-03-16T21:57:47+0000";"2025-03-17T00:59:41+0000";""
"1";"145";"7";"124527150902663_1088394399995001";"data";"data.*";"fetched (200)";"2025-03-16 20:54:20.746605";"Facebook:/<page-id>/posts";"¿Qué sucedió?: https://mwn.news/T1LgHonDg2piUxfX7";"2025-03-16T21:34:03+0000";"2025-03-17T01:44:56+0000";""
"1";"146";"7";"124527150902663_1088374273330347";"data";"data.*";"fetched (200)";"2025-03-16 20:54:20.746605";"Facebook:/<page-id>/posts";"#Quito l La respuesta del alcalde y del Metro de Quito: https://mwn.news/WzwzCEmrJ2wPVGzf9";"2025-03-16T20:52:17+0000";"2025-03-17T00:55:16+0000";""
"1";"147";"7";"124527150902663_1088373223330452";"data";"data.*";"fetched (200)";"2025-03-16 20:54:20.746605";"Facebook:/<page-id>/posts";"🎟✨ ¡Compra tus entradas así de fácil! 🎶🔥   No te quedes fuera del concierto del año. Asegura tu lugar en el concierto en honor a los 40 años del 10 SOBRE 10 en solo unos pasos:   ✅ En línea: Rápido, fácil y seguro en envivo.com.ec ✅ Puntos físicos: 📍 C.C. El Recreo - Etapa 1, frente a Koaj 📍 FLIP - Quicentro Shopping 📍 Radio Canela   📅 29 de marzo | Desde las 13h00 📍 Coliseo General Rumiñahui   💬 ¿Ya tienes la tuya? Comenta con un 🎶 y etiqueta a quien no puede faltar.   #10Sobre10 #CompraTusEntradas #FácilYSeguro";"2025-03-16T20:50:01+0000";"2025-03-16T20:50:01+0000";""
"1";"148";"7";"124527150902663_1088360716665036";"data";"data.*";"fetched (200)";"2025-03-16 20:54:20.746605";"Facebook:/<page-id>/posts";"Joven de 15 años mata a su madre tras ser ‘inspirado’ por una serie de Netflix: https://mwn.news/dAKJSQFADoGsdnTR6";"2025-03-16T20:20:44+0000";"2025-03-17T01:41:39+0000";""
"1";"149";"7";"124527150902663_1088337040000737";"data";"data.*";"fetched (200)";"2025-03-16 20:54:20.746605";"Facebook:/<page-id>/posts";"Policía identificó a los sospechosos y recuperó vehículos robados.";"2025-03-16T19:30:04+0000";"2025-03-17T01:41:40+0000";""
"1";"150";"7";"124527150902663_1088319560002485";"data";"data.*";"fetched (200)";"2025-03-16 20:54:20.746605";"Facebook:/<page-id>/posts";"#Quito l Los atacantes se desplazaban en una motocicleta: https://mwn.news/RLLUk59c81Zmke41A";"2025-03-16T18:56:17+0000";"2025-03-17T01:39:19+0000";""
"1";"151";"7";"124527150902663_1088298523337922";"data";"data.*";"fetched (200)";"2025-03-16 20:54:20.746605";"Facebook:/<page-id>/posts";"#Esmeraldas l Petroecuador y autoridades implementan medidas de emergencia: https://mwn.news/sbBkwN12FgSkfVZ17";"2025-03-16T18:19:10+0000";"2025-03-17T00:34:17+0000";""
"1";"152";"7";"124527150902663_1088287873338987";"data";"data.*";"fetched (200)";"2025-03-16 20:54:20.746605";"Facebook:/<page-id>/posts";"¿En dónde ocurrió?: https://mwn.news/qWfehp7T2iAzUFNTA";"2025-03-16T18:02:29+0000";"2025-03-17T00:30:20+0000";""
"1";"153";"7";"124527150902663_1088266423341132";"data";"data.*";"fetched (200)";"2025-03-16 20:54:20.746605";"Facebook:/<page-id>/posts";"Autoridades despliegan operativo de rescate: https://mwn.news/a4wExPnwkmDaQ44YA";"2025-03-16T17:25:53+0000";"2025-03-16T21:29:27+0000";""
"1";"154";"7";"124527150902663_1088254490008992";"data";"data.*";"fetched (200)";"2025-03-16 20:54:20.746605";"Facebook:/<page-id>/posts";"#Quito l La Policía continúa levantando información del caso: https://mwn.news/AJpNMo15rQiiZ8s28";"2025-03-16T17:06:09+0000";"2025-03-17T01:01:31+0000";""
"1";"155";"7";"124527150902663_1088228263344948";"data";"data.*";"fetched (200)";"2025-03-16 20:54:20.746605";"Facebook:/<page-id>/posts";"#Quito l Sucedió la mañana de este domingo: https://mwn.news/AXaSTUFh8kN1ZY858";"2025-03-16T16:25:25+0000";"2025-03-17T01:11:18+0000";""
"1";"156";"7";"124527150902663_1088215090012932";"data";"data.*";"fetched (200)";"2025-03-16 20:54:20.746605";"Facebook:/<page-id>/posts";"El CNE designó a la periodista Ruth del Salto como moderadora del Debate Presidencial en Ecuador: https://mwn.news/SpKSRaRLSFrUZ5Kq5";"2025-03-16T16:06:28+0000";"2025-03-17T01:47:05+0000";""
"1";"157";"7";"124527150902663_1088204026680705";"data";"data.*";"fetched (200)";"2025-03-16 20:54:20.746605";"Facebook:/<page-id>/posts";"Fiscalía formuló cargos contra los 3 exconsejeros y la consejera del Cpccs: https://mwn.news/uMi48Jw15mcELPCr6";"2025-03-16T15:50:46+0000";"2025-03-17T01:41:22+0000";""
"1";"158";"7";"124527150902663_1088188430015598";"data";"data.*";"fetched (200)";"2025-03-16 20:54:20.746605";"Facebook:/<page-id>/posts";"Ocurrió en Macedonia y existen decenas de heridos: https://mwn.news/rg4ExWuH3DsDzeVU7";"2025-03-16T15:28:27+0000";"2025-03-16T16:59:01+0000";""
"1";"159";"7";"124527150902663_1088169533350821";"data";"data.*";"fetched (200)";"2025-03-16 20:54:20.746605";"Facebook:/<page-id>/posts";"#Quito l Policía identificó a los sospechosos y recuperó vehículos robados: https://mwn.news/sN53k6BHQd88uz9H7";"2025-03-16T15:02:48+0000";"2025-03-17T01:51:27+0000";""
"1";"160";"7";"124527150902663_1088153963352378";"data";"data.*";"fetched (200)";"2025-03-16 20:54:20.746605";"Facebook:/<page-id>/posts";"#Quito l Incendio en una fábrica abandonada movilizó a los bomberos en El Condado: https://mwn.news/UXNfuzyFPYNMgNct5";"2025-03-16T14:42:45+0000";"2025-03-16T14:42:45+0000";""
"1";"161";"7";"124527150902663_1088139093353865";"data";"data.*";"fetched (200)";"2025-03-16 20:54:20.746605";"Facebook:/<page-id>/posts";"#LoMasLeido l Así lo denuncia Elizabeth Otavalo, madre de María Belén Bernal: https://mwn.news/PKXsUQZPo4Nkbs1p6";"2025-03-16T14:23:45+0000";"2025-03-17T01:25:49+0000";""
"1";"162";"7";"124527150902663_1088119703355804";"data";"data.*";"fetched (200)";"2025-03-16 20:54:20.746605";"Facebook:/<page-id>/posts";"La aplicación también te permite conocer sus actividades en otras plataformas.";"2025-03-16T14:00:38+0000";"2025-03-16T14:00:38+0000";""
"1";"163";"7";"124527150902663_1088113063356468";"data";"data.*";"fetched (200)";"2025-03-16 20:54:20.746605";"Facebook:/<page-id>/posts";"“Este 20 de marzo, Quito será el epicentro del conocimiento y la innovación. Empower Xperience reunirá a líderes de la NASA, Disney y expertos en Inteligencia Artificial, Ventas Marketing y Sostenibilidad, en un evento 100% formativo diseñado para transformar personas y empresas a través de estrategias y experiencias reales de alto impacto.   Se parte de esta experiencia y lleva tu empresa al siguiente nivel.   Link de WhatsApp https://wa.link/k9lu05 https://empowerxperience.com/capituloecuador";"2025-03-16T13:50:02+0000";"2025-03-16T13:50:02+0000";""
"1";"164";"7";"124527150902663_1088083826692725";"data";"data.*";"fetched (200)";"2025-03-16 20:54:20.746605";"Facebook:/<page-id>/posts";"El hecho ocurrió en una playa popular de la isla de Ormuz, en Irán, también conocida como la “isla arcoíris”.";"2025-03-16T13:00:12+0000";"2025-03-16T13:30:54+0000";""
"1";"165";"7";"124527150902663_1088050120029429";"data";"data.*";"fetched (200)";"2025-03-16 20:54:20.746605";"Facebook:/<page-id>/posts";"Tus genes también son responsables.";"2025-03-16T12:00:25+0000";"2025-03-16T12:00:25+0000";""
"1";"166";"7";"124527150902663_1088013380033103";"data";"data.*";"fetched (200)";"2025-03-16 20:54:20.746605";"Facebook:/<page-id>/posts";"El gesto de Nodal durante una entrevista que generó preocupación acerca de su vínculo con Ángela Aguilar.";"2025-03-16T11:01:15+0000";"2025-03-16T12:54:47+0000";""
"1";"167";"7";"metroecuador";"offcut";"";"fetched (200)";"2025-03-16 20:54:20.746605";"Facebook:/<page-id>/posts";"";"";"";""
"1";"168";"8";"2221570604786246_1046774537480803";"data";"data.*";"fetched (200)";"2025-03-16 20:54:21.412677";"Facebook:/<page-id>/posts";"Emelec resucitó en la #LigaPro y ganó a Liga de Quito en el Capwell. http://prim.ec/Uz7r50ViO1g";"2025-03-17T00:59:27+0000";"2025-03-17T01:52:41+0000";""
"1";"169";"8";"2221570604786246_1046742207484036";"data";"data.*";"fetched (200)";"2025-03-16 20:54:21.412677";"Facebook:/<page-id>/posts";"El alcalde de Quito, Pabel Muñoz, reaccionó al proceso de revocatoria del mandato que activó en su contra el Tribunal Contencioso Electoral. http://prim.ec/oKwv50ViNoN";"2025-03-16T23:45:35+0000";"2025-03-17T01:53:04+0000";""
"1";"170";"8";"2221570604786246_1046735944151329";"data";"data.*";"fetched (200)";"2025-03-16 20:54:21.412677";"Facebook:/<page-id>/posts";"El CNE anunció que los ciudadanos no podrán ingresar con celulares a los biombos de votación, en las elecciones presidenciales del próximo 13 de abril. http://prim.ec/v0a750ViNa7";"2025-03-16T23:30:19+0000";"2025-03-17T01:54:18+0000";""
"1";"171";"8";"2221570604786246_1046694290822161";"data";"data.*";"fetched (200)";"2025-03-16 20:54:21.412677";"Facebook:/<page-id>/posts";"Socio Vivienda 2 es uno de los sectores más conflictivos de #Guayaquil. En este nuevo hecho violento murió un niño de ocho años. http://prim.ec/MnYf50ViN1N";"2025-03-16T23:05:05+0000";"2025-03-17T01:44:31+0000";""
"1";"172";"8";"2221570604786246_1046679020823688";"data";"data.*";"fetched (200)";"2025-03-16 20:54:21.412677";"Facebook:/<page-id>/posts";"La ministra de Energía y Minas, Inés Manzano, preside el Comité de Operaciones de Emergencia (COE) Nacional. http://prim.ec/4J1350ViMGr";"2025-03-16T22:30:17+0000";"2025-03-17T01:36:09+0000";""
"1";"173";"8";"2221570604786246_1046672590824331";"data";"data.*";"fetched (200)";"2025-03-16 20:54:21.412677";"Facebook:/<page-id>/posts";"Dos meses después de la desaparición de la joven mantense Dayanara Delgado, dos de sus amigos fueron detenidos como sospechosos. http://prim.ec/RqtH50ViMEF";"2025-03-16T22:15:13+0000";"2025-03-17T01:38:04+0000";""
"1";"174";"8";"2221570604786246_1046666584158265";"data";"data.*";"fetched (200)";"2025-03-16 20:54:21.412677";"Facebook:/<page-id>/posts";"Tras alerta de la Asociación Ecuatoriana de Guías de Montaña se activaron labores de rescate en el volcán Cotopaxi, el área fue cerrada al ingreso de turistas y se estima ocho personas atrapadas. http://prim.ec/mSRh50ViMyw";"2025-03-16T22:00:43+0000";"2025-03-16T22:00:43+0000";""
"1";"175";"8";"2221570604786246_1046660220825568";"data";"data.*";"fetched (200)";"2025-03-16 20:54:21.412677";"Facebook:/<page-id>/posts";"La Fiscalía publicó los chats extraídos del teléfono celular del exconsejero Augusto Verduga, como elementos de convicción para acusar a la 'liga azul' de asociación ilícita. http://prim.ec/lqLl50ViMre";"2025-03-16T21:45:14+0000";"2025-03-17T01:53:23+0000";""
"1";"176";"8";"2221570604786246_1046649514159972";"data";"data.*";"fetched (200)";"2025-03-16 20:54:21.412677";"Facebook:/<page-id>/posts";"Jordy R., conocido con el alias de 'Grandote', sería parte del grupo delictivo Los Choneros. Junto a él se detuvo a alias 'Tortuga' y a dos mujeres. http://prim.ec/m1OJ50ViMkC";"2025-03-16T21:20:48+0000";"2025-03-17T01:42:46+0000";""
"1";"177";"8";"2221570604786246_1046638130827777";"data";"data.*";"fetched (200)";"2025-03-16 20:54:21.412677";"Facebook:/<page-id>/posts";"La víctima salía de su trabajo cuando fue abordado por sus atacantes. El guardia de seguridad murió por el impacto al salir del Trinipuerto. http://prim.ec/sVF050ViM8X";"2025-03-16T20:55:13+0000";"2025-03-17T01:25:23+0000";""
"1";"178";"8";"2221570604786246_1046630274161896";"data";"data.*";"fetched (200)";"2025-03-16 20:54:21.412677";"Facebook:/<page-id>/posts";"Los expresidentes Rafael Correa y Guillermo Lasso se atacan en la red X, con el exconsejero correísta Augusto Verduga iniciando la pelea. ¿Qué pasó? http://prim.ec/qBPn50ViM5W";"2025-03-16T20:37:35+0000";"2025-03-17T01:53:20+0000";""
"1";"179";"8";"2221570604786246_1046617297496527";"data";"data.*";"fetched (200)";"2025-03-16 20:54:21.412677";"Facebook:/<page-id>/posts";"Edgar Lama, ministro de Salud, pidió un informe de los casos de tuberculosis en la Penitenciaría del Litoral, tras reunirse con familiares de las personas privadas de libertad. http://prim.ec/9TBu50ViLxH";"2025-03-16T20:10:14+0000";"2025-03-17T01:18:05+0000";""
"1";"180";"8";"2221570604786246_1046610427497214";"data";"data.*";"fetched (200)";"2025-03-16 20:54:21.412677";"Facebook:/<page-id>/posts";"La más reciente tragedia ambiental en Ecuador afecta al refugio de vida silvestre Manglares Estuario Río Esmeraldas, hogar de especies vulnerables. http://prim.ec/6UYj50ViLx2";"2025-03-16T19:55:13+0000";"2025-03-17T01:54:02+0000";""
"1";"181";"8";"2221570604786246_1046598757498381";"data";"data.*";"fetched (200)";"2025-03-16 20:54:21.412677";"Facebook:/<page-id>/posts";"Tres personas murieron por ataques de sicarios en #Guayaquil entre la noche del 15 y la madrugada del 16 de marzo. La Policía investiga ambos casos para dar con los responsables. http://prim.ec/eoYn50ViKZX";"2025-03-16T19:30:20+0000";"2025-03-17T01:51:17+0000";""
"1";"182";"8";"2221570604786246_1046591827499074";"data";"data.*";"fetched (200)";"2025-03-16 20:54:21.412677";"Facebook:/<page-id>/posts";"El papa Francisco está hospitalizado desde hace 31 días por problemas respiratorios. No se había publicado ninguna imagen suya desde entonces. http://prim.ec/YyLV50ViLjK";"2025-03-16T19:15:16+0000";"2025-03-17T00:09:27+0000";""
"1";"183";"8";"2221570604786246_1046585200833070";"data";"data.*";"fetched (200)";"2025-03-16 20:54:21.412677";"Facebook:/<page-id>/posts";"#ATENCIÓN | La Fiscalía publicó los chats extraídos del teléfono celular del exconsejero Augusto Verduga, como elementos de convicción para acusar a la 'liga azul' de asociación ilícita. http://prim.ec/pmFy50ViKZc";"2025-03-16T19:01:09+0000";"2025-03-17T01:44:24+0000";""
"1";"184";"8";"2221570604786246_1046577317500525";"data";"data.*";"fetched (200)";"2025-03-16 20:54:21.412677";"Facebook:/<page-id>/posts";"#ATENCIÓN | El Ministerio de Ambiente informó que se estima que ocho personas están atrapadas en el volcán Cotopaxi, tras alerta de avalancha. http://prim.ec/n6mv50ViKTy";"2025-03-16T18:45:12+0000";"2025-03-16T21:39:01+0000";""
"1";"185";"8";"2221570604786246_1046569954167928";"data";"data.*";"fetched (200)";"2025-03-16 20:54:21.412677";"Facebook:/<page-id>/posts";"En su sentido más sencillo, Internet es una red de millones de computadores conectados entre sí, y que dependen de gigantescos centros de datos, y algunos de ellos también están en Quito. http://prim.ec/yuSW50ViAAN";"2025-03-16T18:30:15+0000";"2025-03-16T20:30:18+0000";""
"1";"186";"8";"2221570604786246_1046544960837094";"data";"data.*";"fetched (200)";"2025-03-16 20:54:21.412677";"Facebook:/<page-id>/posts";"'Tren de Aragua' es considerado un grupo criminal de origen venezolano y cientos de sus integrantes llegaron este domingo a El Salvador enviados por Estados Unidos. http://prim.ec/2Jk250ViKsM";"2025-03-16T18:15:13+0000";"2025-03-17T01:28:14+0000";""
"1";"187";"8";"2221570604786246_1046525334172390";"data";"data.*";"fetched (200)";"2025-03-16 20:54:21.412677";"Facebook:/<page-id>/posts";"La Policía Nacional realizó una persecución y dos allanamientos para detener a los siete sospechosos, que pertenecerían al grupo delictivo Los Lobos. http://prim.ec/8hW750ViKtb";"2025-03-16T18:00:59+0000";"2025-03-17T01:15:28+0000";""
"1";"188";"8";"2221570604786246_1046517640839826";"data";"data.*";"fetched (200)";"2025-03-16 20:54:21.412677";"Facebook:/<page-id>/posts";"El papa Francisco se recupera en el hospital Gemelli de Roma de una neumonía bilateral. Hasta el lugar acudieron un grupo de niños para respaldarlo. http://prim.ec/9A5L50ViKi3";"2025-03-16T17:45:11+0000";"2025-03-16T23:04:11+0000";""
"1";"189";"8";"2221570604786246_1046509767507280";"data";"data.*";"fetched (200)";"2025-03-16 20:54:21.412677";"Facebook:/<page-id>/posts";"""De americano nada, pasa a ser canadiano o de olla"" dicen Canadá y México sobre la popular preparación de café. http://prim.ec/Jpec50ViKc0";"2025-03-16T17:30:18+0000";"2025-03-17T01:15:26+0000";""
"1";"190";"8";"2221570604786246_1046501530841437";"data";"data.*";"fetched (200)";"2025-03-16 20:54:21.412677";"Facebook:/<page-id>/posts";"#IMÁGENES | El presidente Lenín Moreno declaró el estado de excepción en el Ecuador la noche del lunes 16 de marzo del 2020. Fue el inicio del confinamiento para contener al covid-19. http://prim.ec/KwhX50ViK8E";"2025-03-16T17:15:12+0000";"2025-03-16T21:57:33+0000";""
"1";"191";"8";"2221570604786246_1046493144175609";"data";"data.*";"fetched (200)";"2025-03-16 20:54:21.412677";"Facebook:/<page-id>/posts";"Para el Ministerio del Interior, los consejeros correístas de la llamada 'Liga Azul' planificaron desestabilizar al Gobierno y dar un ""golpe de estado azul"". http://prim.ec/A83U50ViK2F";"2025-03-16T17:01:14+0000";"2025-03-17T01:53:06+0000";""
"1";"192";"8";"2221570604786246_1046483990843191";"data";"data.*";"fetched (200)";"2025-03-16 20:54:21.412677";"Facebook:/<page-id>/posts";"La prefecta de Cotopaxi, Lourdes Tibán, estuvo internada en el Hospital de Latacunga. http://prim.ec/kcOy50ViK1p";"2025-03-16T16:45:13+0000";"2025-03-17T01:52:02+0000";""
"1";"193";"8";"2221570604786246_1046475537510703";"data";"data.*";"fetched (200)";"2025-03-16 20:54:21.412677";"Facebook:/<page-id>/posts";"El presidente Daniel Noboa ordenó que Petroecuador se haga cargo de la remediación ambiental y de la reparación a todas las familias afectadas por el derrame de crudo en Esmeraldas. http://prim.ec/LT0150ViK01";"2025-03-16T16:30:19+0000";"2025-03-17T01:46:45+0000";""
"1";"194";"8";"2221570604786246_1046465950844995";"data";"data.*";"fetched (200)";"2025-03-16 20:54:21.412677";"Facebook:/<page-id>/posts";"#ATENCIÓN | La Asociación Ecuatoriana de Guías de Montaña emitió una alerta la mañana de este domingo 16 de marzo de 2025 y menciona labores de rescate. http://prim.ec/wmhz50ViKx4";"2025-03-16T16:15:15+0000";"2025-03-16T23:26:43+0000";""
"1";"195";"8";"2221570604786246_1046457267512530";"data";"data.*";"fetched (200)";"2025-03-16 20:54:21.412677";"Facebook:/<page-id>/posts";"Un museo barrial ferroviario, murales y espacios públicos renovados buscan devolverle el dinamismo a un sector icónico del centro de Durán, cantón golpeado desde 2021 por una crisis de seguridad. http://prim.ec/7PFA50ViAzW";"2025-03-16T16:01:06+0000";"2025-03-16T20:32:02+0000";""
"1";"196";"8";"2221570604786246_1046446527513604";"data";"data.*";"fetched (200)";"2025-03-16 20:54:21.412677";"Facebook:/<page-id>/posts";"Los bomberos de #Quito atendieron múltiples incidentes en la noche del sábado 15 al domingo 16 de marzo. http://prim.ec/ngtl50ViJMK";"2025-03-16T15:45:14+0000";"2025-03-16T18:42:43+0000";""
"1";"197";"8";"2221570604786246_1046436647514592";"data";"data.*";"fetched (200)";"2025-03-16 20:54:21.412677";"Facebook:/<page-id>/posts";"#VIDEO | El uso de aplicaciones para realizar pedidos es cada vez más común entre los ecuatorianos. Un estudio de mercado de PedidosYa muestra qué es lo que más se pide en Ecuador. http://prim.ec/5vxj50ViAza";"2025-03-16T15:30:15+0000";"2025-03-16T20:08:43+0000";""
"1";"198";"8";"PrimiciasEcuador";"offcut";"";"fetched (200)";"2025-03-16 20:54:21.412677";"Facebook:/<page-id>/posts";"";"";"";""
"1";"199";"9";"182381741786432_1186173886400095";"data";"data.*";"fetched (200)";"2025-03-16 20:54:22.483332";"Facebook:/<page-id>/posts";"El Bloque de Seguridad logró la detención de 9 sujetos acusados por tráfico de combustible, en la provincia de Santa Elena.   Más noticias en TCTelevision.com";"2025-03-17T01:44:16+0000";"2025-03-17T01:44:16+0000";""
"1";"200";"9";"182381741786432_1186161969734620";"data";"data.*";"fetched (200)";"2025-03-16 20:54:22.483332";"Facebook:/<page-id>/posts";"En la Corte Nacional de Justicia de Quito se llevó a cabo la audiencia de formulación de cargos contra los miembros de la denominada Liga Azul, investigados por el presunto delito de asociación ilícita.   La Fiscalía General del Estado busca demostrar que existió una estrategia planificada para tomar el control de la Superintendencia de Bancos y el Consejo de la Judicatura. Como parte de las pruebas presentadas, se incluyen pericias realizadas a los teléfonos celulares del entonces consejero Augusto Verduga.  Más detalles aquí: http://bit.ly/4bT3NZu";"2025-03-17T01:21:25+0000";"2025-03-17T01:54:03+0000";""
"1";"201";"9";"182381741786432_1186159303068220";"data";"data.*";"fetched (200)";"2025-03-16 20:54:22.483332";"Facebook:/<page-id>/posts";"Este 16 de marzo de 2025, el ministro del Interior, John Reimberg, y el ministro de Defensa Nacional, Gian Carlo Loffredo, visitaron el Puerto de Guayaquil para supervisar el funcionamiento de los scanners.   Durante la visita, ratificaron su compromiso de fortalecer la vigilancia en los procesos que se llevan a cabo en el puerto, en coordinación con la Policía Nacional y las Fuerzas Armadas. Para ello, se mantiene un despliegue estratégico de servidores, equipos y guardacostas.  Más noticias en TCTelevision.com";"2025-03-17T01:17:06+0000";"2025-03-17T01:53:35+0000";""
"1";"202";"9";"182381741786432_1186151899735627";"data";"data.*";"fetched (200)";"2025-03-16 20:54:22.483332";"Facebook:/<page-id>/posts";"En un operativo desarrollado en Joya de los Sachas, provincia de Orellana, la Policía Nacional capturó a Dario Javier P. N., alias ""Topo"", identificado como un objetivo de alto valor y vinculado con alias Fito.  Más detalles aquí: https://bit.ly/4i6PAdW";"2025-03-17T01:02:07+0000";"2025-03-17T01:52:23+0000";""
"1";"203";"9";"182381741786432_1186148683069282";"data";"data.*";"fetched (200)";"2025-03-16 20:54:22.483332";"Facebook:/<page-id>/posts";"El presidente Daniel Noboa dialogó con representantes de comunidades agrícolas y ganaderas de Santa Elena.  Más detalles aquí▶️: https://bit.ly/4i6jZJp";"2025-03-17T00:55:31+0000";"2025-03-17T01:53:17+0000";""
"1";"204";"9";"182381741786432_1186144029736414";"data";"data.*";"fetched (200)";"2025-03-16 20:54:22.483332";"Facebook:/<page-id>/posts";"El COE Nacional declaró emergencia ambiental tras un derrame de petróleo en Esmeraldas. Se han activado medidas para contener el daño y coordinar una respuesta efectiva, con el objetivo de proteger el ecosistema y la salud de la población afectada.  Más detalles aquí▶️: https://bit.ly/43TlhD5";"2025-03-17T00:46:16+0000";"2025-03-17T01:53:04+0000";""
"1";"205";"9";"182381741786432_1186129453071205";"data";"data.*";"fetched (200)";"2025-03-16 20:54:22.483332";"Facebook:/<page-id>/posts";"Un contingente conformado por 40 rescatistas, entre miembros de los cuerpos de bomberos de Quito, Latacunga, Mejía y Ambato, así como de la Policía Nacional, la Secretaría de Gestión de Riesgos y guardaparques, ascendió hasta el sitio de la avalancha en el volcán Cotopaxi, a 5.800 metros sobre el nivel del mar.  El Ministerio del Ambiente informó del rescate de cuatro de las ocho personas que se encontraban atrapadas en la alta montaña. Mientras el Cuerpo de Bomberos de Quito señaló que la evacuación de los heridos vía helicóptero se realizó con éxito.  Más detalles en: https://bit.ly/41pgSVG";"2025-03-17T00:15:04+0000";"2025-03-17T01:38:21+0000";""
"1";"206";"9";"182381741786432_1186123596405124";"data";"data.*";"fetched (200)";"2025-03-16 20:54:22.483332";"Facebook:/<page-id>/posts";"¡EL NACIONAL SIGUE SIN GANAR EN EL CAMPEONATO!  –  Con esta derrota, el conjunto de El Nacional se ubicó en puestos de descenso con tres derrotas y dos empates.  –  Más detalles aquí: https://bit.ly/4irZ2bQ";"2025-03-17T00:01:31+0000";"2025-03-17T01:47:58+0000";""
"1";"207";"9";"182381741786432_1186110169739800";"data";"data.*";"fetched (200)";"2025-03-16 20:54:22.483332";"Facebook:/<page-id>/posts";"El Comité de Operaciones de Emergencias (COE) nacional declaró la emergencia ambiental en la provincia de Esmeraldas, lo que permitirá la movilización de recursos para enfrentar el derrame petróleo producto de la rotura del Sistema de Oleoducto Transecuatoriano (SOTE).  Inés Manzano, ministra de Energía y presidenta del COE Nacional, señaló en rueda de prensa que la declaratoria de emergencia ambiental incluye el Refugio de vida silvestre manglares estuario del río Esmeraldas.  Más detalles en: https://bit.ly/43TlhD5";"2025-03-16T23:31:32+0000";"2025-03-17T01:45:18+0000";""
"1";"208";"9";"182381741786432_1186096233074527";"data";"data.*";"fetched (200)";"2025-03-16 20:54:22.483332";"Facebook:/<page-id>/posts";"La carne debe estar cocida a una temperatura mínima para garantizar la eliminación de bacterias dañinas para la salud. Aquí te contamos: https://bit.ly/4ilKSJ8";"2025-03-16T23:00:05+0000";"2025-03-17T00:37:13+0000";""
"1";"209";"9";"182381741786432_1186083549742462";"data";"data.*";"fetched (200)";"2025-03-16 20:54:22.483332";"Facebook:/<page-id>/posts";"¡Independiente del Valle rescata un punto en el final!  - Los 'rayados' se alejan de la pelea por los primeros puestos en la tabla. Por su parte, Macará se quedó con la tercera posición en el torneo.  - Más detalles aquí: https://bit.ly/4kyHdti";"2025-03-16T22:33:21+0000";"2025-03-16T23:57:16+0000";""
"1";"210";"9";"182381741786432_1186042409746576";"data";"data.*";"fetched (200)";"2025-03-16 20:54:22.483332";"Facebook:/<page-id>/posts";"Esta reconocida tiktoker y creadora de contenido peruana, ha vuelto a ser noticia en las redes sociales y no por sus famosos bailes. Conoce de qué se trata aquí: https://bit.ly/3XTSqL4";"2025-03-16T21:00:12+0000";"2025-03-17T01:51:07+0000";""
"1";"211";"9";"182381741786432_1186026643081486";"data";"data.*";"fetched (200)";"2025-03-16 20:54:22.483332";"Facebook:/<page-id>/posts";"El Vaticano difundió este domingo la primera imagen del papa Francisco desde su hospitalización hace 31 días por problemas respiratorios, en la que se ve al pontífice participando en una misa.  La imagen muestra al jesuita argentino sentado ante el altar de su capilla privada, en el hospital Gemelli donde se encuentra ingresado.   Más detalles en: https://bit.ly/4iT6jkH";"2025-03-16T20:25:25+0000";"2025-03-17T01:19:39+0000";""
"1";"212";"9";"182381741786432_1186002989750518";"data";"data.*";"fetched (200)";"2025-03-16 20:54:22.483332";"Facebook:/<page-id>/posts";"¿Propuesta de matrimonio bajo el agua? Así fue como se dio esta propuesta original e innovadora: https://bit.ly/4ku4I6F";"2025-03-16T19:35:13+0000";"2025-03-17T00:36:16+0000";""
"1";"213";"9";"182381741786432_1185985593085591";"data";"data.*";"fetched (200)";"2025-03-16 20:54:22.483332";"Facebook:/<page-id>/posts";"¿Multas por usar la IA? Este país propone una Ley para que sea posible. Entérate aquí: https://bit.ly/3DzlmRN";"2025-03-16T19:00:07+0000";"2025-03-17T00:16:17+0000";""
"1";"214";"9";"182381741786432_1185971536420330";"data";"data.*";"fetched (200)";"2025-03-16 20:54:22.483332";"Facebook:/<page-id>/posts";"¿Un bebé creado con inteligencia artificial? Esta pareja de esposos colombianos decidió tener una familia con un método nuevo y polémico. Todo sobre esta curiosa historia aquí: https://bit.ly/3FJqkvH";"2025-03-16T18:30:04+0000";"2025-03-16T21:42:34+0000";""
"1";"215";"9";"182381741786432_1185967946420689";"data";"data.*";"fetched (200)";"2025-03-16 20:54:22.483332";"Facebook:/<page-id>/posts";"📺 Cuando hablamos con la verdad, te llega🗞️.  Desde temprano con DespiérTC, hasta cada emisión de El Noticiero, te llevamos la información que importa. Nuestro compromiso es mantenerte informado con los hechos más relevantes del país y el mundo.";"2025-03-16T18:23:16+0000";"2025-03-17T01:51:34+0000";""
"1";"216";"9";"182381741786432_1185941459756671";"data";"data.*";"fetched (200)";"2025-03-16 20:54:22.483332";"Facebook:/<page-id>/posts";"Varias instituciones se activaron para atender la emergencia por una avalancha registrada este domingo en el volcán Cotopaxi, dentro del Parque Nacional Cotopaxi, según confirmó el Ministerio del Ambiente.  De acuerdo con información preliminar, se estima que al menos ocho personas se encuentran atrapadas en el área afectada.  Más detalles en: https://bit.ly/3FLUPBa";"2025-03-16T17:31:28+0000";"2025-03-16T19:41:42+0000";""
"1";"217";"9";"182381741786432_1185938093090341";"data";"data.*";"fetched (200)";"2025-03-16 20:54:22.483332";"Facebook:/<page-id>/posts";"El Pleno del Consejo Nacional Electoral (CNE) designó a la periodista guayaquileña Ruth del Salto como la moderadora del debate presidencial, correspondiente a la segunda vuelta de las elecciones generales 2025.  La designación se aprobó con base al listado de profesionales remitido por el Comité Nacional de Debates.  Más detalles en:  https://bit.ly/4bTKCic";"2025-03-16T17:25:32+0000";"2025-03-17T01:54:15+0000";""
"1";"218";"9";"182381741786432_1185923816425102";"data";"data.*";"fetched (200)";"2025-03-16 20:54:22.483332";"Facebook:/<page-id>/posts";"¿Adiós a las voces de Shrek y burro? Los actores de doblaje latino se encuentran preocupados sobre su participación en la nueva entrega de la película. Esto es lo que se sabe hasta ahora: https://bit.ly/4kAKxUL";"2025-03-16T17:00:23+0000";"2025-03-16T18:27:54+0000";""
"1";"219";"9";"182381741786432_1185906473093503";"data";"data.*";"fetched (200)";"2025-03-16 20:54:22.483332";"Facebook:/<page-id>/posts";"¡Sin muchas emociones! - Delfín y Deportivo Cuenca empataron en el Jocay, por la fecha 5 de #LigaPro. - Mira el video con el resumen del partido aquí: https://bit.ly/3FyTTQQ";"2025-03-16T16:30:03+0000";"2025-03-16T18:28:02+0000";""
"1";"220";"9";"182381741786432_1185886646428819";"data";"data.*";"fetched (200)";"2025-03-16 20:54:22.483332";"Facebook:/<page-id>/posts";"El presidente Donald Trump busca reforzar su política migratoria con la prohibición de 43 países a los Estados Unidos. Los países seleccionados están divididos en tres categorías diferentes. Conozca cuáles son los países aquí: https://bit.ly/4bTFmLu";"2025-03-16T16:00:27+0000";"2025-03-17T01:22:03+0000";""
"1";"221";"9";"182381741786432_1185866173097533";"data";"data.*";"fetched (200)";"2025-03-16 20:54:22.483332";"Facebook:/<page-id>/posts";"¡Imparables! - Universidad Católica goleó al Manta en el estadio Olímpico Atahualpa, por la fecha 5 de #LigaPro. - Mira todos los goles aquí: https://bit.ly/4kTWJ2T";"2025-03-16T15:30:04+0000";"2025-03-16T23:56:52+0000";""
"1";"222";"9";"182381741786432_1185863229764494";"data";"data.*";"fetched (200)";"2025-03-16 20:54:22.483332";"Facebook:/<page-id>/posts";"🗳️🇪🇨| Este 13 de abril se decide el futuro del Ecuador. Sigue la segunda vuelta electoral por #LaMejorElección2025.  Una alianza de TC Televisión, 24/7 Noticias, Radio Centro, Vitotvo y Altavoz.  📊 Información al instante, análisis, entrevistas y resultados.";"2025-03-16T15:25:20+0000";"2025-03-17T01:48:52+0000";""
"1";"223";"9";"182381741786432_1185847513099399";"data";"data.*";"fetched (200)";"2025-03-16 20:54:22.483332";"Facebook:/<page-id>/posts";"⚠️ ¡Exceso de pantallas y daño hepático en adolescentes!   El sedentarismo y la obesidad pueden estar afectando la salud de una generación. Entérate aquí: https://bit.ly/3Ft53GJ";"2025-03-16T15:00:19+0000";"2025-03-16T20:22:25+0000";""
"1";"224";"9";"182381741786432_1185846356432848";"data";"data.*";"fetched (200)";"2025-03-16 20:54:22.483332";"Facebook:/<page-id>/posts";"El papa Francisco aseguró estar ""atravesando un momento de prueba"" con un físico ""débil"", en su mensaje con motivo del Ángelus que envió por escrito por quinta semana consecutiva.  El último parte médico difundido por la Santa Sede indicó que el estado de salud del pontífice se mantenía ""estable"", pero que necesitaba aún continuar con su terapia en el hospital pese a su ""mejora gradual"".  Más detalles en: https://bit.ly/4iu72sz";"2025-03-16T14:58:34+0000";"2025-03-17T00:55:10+0000";""
"1";"225";"9";"182381741786432_1185837546433729";"data";"data.*";"fetched (200)";"2025-03-16 20:54:22.483332";"Facebook:/<page-id>/posts";"¿Sintió el sismo? En la provincia de Sucumbíos se registró un temblor de 3.9 en la escala de Richter. Más detalles aquí: https://bit.ly/4iSTBCq";"2025-03-16T14:45:14+0000";"2025-03-16T23:01:30+0000";""
"1";"226";"9";"182381741786432_1185809153103235";"data";"data.*";"fetched (200)";"2025-03-16 20:54:22.483332";"Facebook:/<page-id>/posts";"¡Lluvia de goles en Loja! - #Libertad goleó a Orense en el Reina del Cisne, por la fecha 5 de la #LigaPro. - Mira los goles aquí: https://bit.ly/4ha3LgY";"2025-03-16T14:00:33+0000";"2025-03-16T15:40:52+0000";""
"1";"227";"9";"182381741786432_1185604223123728";"data";"data.*";"fetched (200)";"2025-03-16 20:54:22.483332";"Facebook:/<page-id>/posts";"El presidente Daniel Noboa anunció este sábado 15 de marzo de 2025 un conjunto de medidas para atender la emergencia ambiental provocada por la rotura del Sistema de Oleoducto Transecuatoriano (SOTE) en El Vergel, Quinindé, provincia de Esmeraldas. Entre las decisiones tomadas, se incluye la creación de un fondo de remediación ambiental y reparación para las familias afectadas, el cual será financiado por Petroecuador.  ""A diferencia del pasado, esta vez Petroecuador responderá por sus actos y asumirá su responsabilidad en la remediación de Esmeraldas"", afirmó Noboa. Además, ordenó a la ministra de Energía y Minas, Inés Manzano, convocar de inmediato al COE Nacional, y dispuso que la ministra de Ambiente se movilice a la zona para coordinar acciones.  Más detalles en: bit.ly/3DHhw9e";"2025-03-16T07:28:52+0000";"2025-03-17T01:20:41+0000";""
"1";"228";"9";"182381741786432_1185585443125606";"data";"data.*";"fetched (200)";"2025-03-16 20:54:22.483332";"Facebook:/<page-id>/posts";"En un comunicado oficial, el Ministerio de Gobierno denunció un intento de golpe de Estado denominado ""Golpe de Estado Azul"", atribuido a los miembros de la autodenominada ""liga azul"". Según la Fiscalía, este grupo habría intentado manipular la justicia y el Consejo de Participación Ciudadana y Control Social (CPCCS) con fines partidistas.  - Más detalles en: bit.ly/4bT3NZu";"2025-03-16T06:48:08+0000";"2025-03-17T01:42:42+0000";""
"1";"229";"9";"tctelevision10";"offcut";"";"fetched (200)";"2025-03-16 20:54:22.483332";"Facebook:/<page-id>/posts";"";"";"";""
"1";"230";"10";"237673324113_1055885069907135";"data";"data.*";"fetched (200)";"2025-03-16 20:54:23.180076";"Facebook:/<page-id>/posts";"#LIGAPRO I Técnico Universitario vs. Barcelona. Un gran partido para cerrar la fecha 5. Por Teleamazonas https://ow.ly/cXrV50VieBs";"2025-03-17T01:05:14+0000";"2025-03-17T01:53:15+0000";""
"1";"231";"10";"237673324113_1055884946573814";"data";"data.*";"fetched (200)";"2025-03-16 20:54:23.180076";"Facebook:/<page-id>/posts";"#LigaPro | ¡Se encendió! Emelec rompe el invicto de Liga de Quito. Facundo Castelli marcó en el Capwell https://ow.ly/Z2sq50ViO9b";"2025-03-17T01:05:10+0000";"2025-03-17T01:54:20+0000";""
"1";"232";"10";"237673324113_1055878056574503";"data";"data.*";"fetched (200)";"2025-03-16 20:54:23.180076";"Facebook:/<page-id>/posts";"#TePuedeInteresar | Paso a paso para renovar la especie de la matrícula caducada en Quito https://ow.ly/A8qI50VitGT";"2025-03-17T00:50:12+0000";"2025-03-17T01:46:54+0000";""
"1";"233";"10";"237673324113_1055871869908455";"data";"data.*";"fetched (200)";"2025-03-16 20:54:23.180076";"Facebook:/<page-id>/posts";"#ATENCIÓN | ¡Tragedia en Guayaquil! Niño de 8 años muere tras explosión de granada en Socio Vivienda 2. Detalles https://ow.ly/FFXR50ViNTn";"2025-03-17T00:37:01+0000";"2025-03-17T01:53:57+0000";""
"1";"234";"10";"237673324113_1055855543243421";"data";"data.*";"fetched (200)";"2025-03-16 20:54:23.180076";"Facebook:/<page-id>/posts";"#LigaPro | ‘El Ídolo’ tiene una misión en Ambato, pero el ‘Rodillo Rojo’ está listo para dar pelea. ¡No te pierdas! Técnico Universitario vs. Barcelona. Lunes, 18:45, en la cancha de #Teleamazonas   Mira nuestra programación 👉 https://ow.ly/XWKo50TWLx1";"2025-03-17T00:00:51+0000";"2025-03-17T01:42:24+0000";""
"1";"235";"10";"237673324113_1055845349911107";"data";"data.*";"fetched (200)";"2025-03-16 20:54:23.180076";"Facebook:/<page-id>/posts";"#ATENCIÓN | Se activaron labores de rescate tras avalancha en el volcán Cotopaxi; heridos fueron trasladados a casas de salud https://ow.ly/nssH50ViNez";"2025-03-16T23:36:44+0000";"2025-03-17T01:29:20+0000";""
"1";"236";"10";"237673324113_1055826656579643";"data";"data.*";"fetched (200)";"2025-03-16 20:54:23.180076";"Facebook:/<page-id>/posts";"¡Hoy! Debate electoral, las fuerzas políticas para la segunda vuelta, en #Hora25. ¡No te lo pierdas! A las 22:00, por #Teleamazonas  Con: Andrés Carrión";"2025-03-16T23:00:55+0000";"2025-03-17T01:50:21+0000";""
"1";"237";"10";"237673324113_1055798823249093";"data";"data.*";"fetched (200)";"2025-03-16 20:54:23.180076";"Facebook:/<page-id>/posts";"#ATENCIÓN | Mujer es atacada por armados tras salir del garaje de su casa en el norte de Quito este domingo 16 de marzo. Esto se sabe https://ow.ly/8z6N50ViMEh";"2025-03-16T22:06:30+0000";"2025-03-17T01:52:46+0000";""
"1";"238";"10";"237673324113_1055793523249623";"data";"data.*";"fetched (200)";"2025-03-16 20:54:23.180076";"Facebook:/<page-id>/posts";"#LIGAPRO I El ‘Idolo’ va por los tres puntos ante Técnico Universitario.  Gran juego en el estadio Bellavista  https://ow.ly/TLoa50VicU9";"2025-03-16T21:55:13+0000";"2025-03-17T01:27:19+0000";""
"1";"239";"10";"237673324113_1055782116584097";"data";"data.*";"fetched (200)";"2025-03-16 20:54:23.180076";"Facebook:/<page-id>/posts";"Revise el cronograma de matrículas y traslados para el año lectivo 2025-2026 en la Costa y Galápagos https://ow.ly/iP1Y50ViM9U";"2025-03-16T21:30:03+0000";"2025-03-17T01:31:53+0000";""
"1";"240";"10";"237673324113_1055765386585770";"data";"data.*";"fetched (200)";"2025-03-16 20:54:23.180076";"Facebook:/<page-id>/posts";"#ATENCIÓN | COE Nacional declaró emergencia ambiental en Esmeraldas tras derrame de crudo. Detalles https://ow.ly/U4Hp50ViM9K";"2025-03-16T20:51:24+0000";"2025-03-17T01:35:44+0000";""
"1";"241";"10";"237673324113_1055762463252729";"data";"data.*";"fetched (200)";"2025-03-16 20:54:23.180076";"Facebook:/<page-id>/posts";"#Estreno | La soberbia y la avaricia ciegan hasta al más astuto. ¡No te pierdas! #PerdonaNuestrosPecados, desde el lunes 24 de marzo, 10:30, por #Teleamazonas  Mira nuestra programación 👉 https://ow.ly/XWKo50TWLx1";"2025-03-16T20:46:01+0000";"2025-03-17T01:43:22+0000";""
"1";"242";"10";"237673324113_1055703013258674";"data";"data.*";"fetched (200)";"2025-03-16 20:54:23.180076";"Facebook:/<page-id>/posts";"#ATENCIÓN | El Vaticano difundió este domingo 16 de marzo la primera imagen del papa Francisco tras su hospitalización. ¿Estado de salud?  https://ow.ly/Ibrz50ViLMy";"2025-03-16T19:38:35+0000";"2025-03-17T01:43:38+0000";""
"1";"243";"10";"237673324113_1055674096594899";"data";"data.*";"fetched (200)";"2025-03-16 20:54:23.180076";"Facebook:/<page-id>/posts";"Revise las noticias más destacadas del Ecuador en el Noticiero #24Horas (Emisión Central) de este domingo 16 de marzo de 2025. https://ow.ly/jOwZ50ViLAa";"2025-03-16T19:09:44+0000";"2025-03-17T00:08:12+0000";""
"1";"244";"10";"237673324113_1055648709930771";"data";"data.*";"fetched (200)";"2025-03-16 20:54:23.180076";"Facebook:/<page-id>/posts";"#ACTUALIZACIÓN | Decenas de personas atrapadas por avalancha en el volcán Cotopaxi este domingo 16 de marzo. Tareas de rescate https://ow.ly/qIPx50ViLuM";"2025-03-16T18:49:57+0000";"2025-03-17T01:43:14+0000";""
"1";"245";"10";"237673324113_1055582349937407";"data";"data.*";"fetched (200)";"2025-03-16 20:54:23.180076";"Facebook:/<page-id>/posts";"#ATENCIÓN | Avalancha en el volcán Cotopaxi; personas atrapadas este domingo 16 de marzo. Esto se sabe https://ow.ly/Ite250ViKPO";"2025-03-16T17:07:57+0000";"2025-03-17T00:55:16+0000";""
"1";"246";"10";"237673324113_1055528413276134";"data";"data.*";"fetched (200)";"2025-03-16 20:54:23.180076";"Facebook:/<page-id>/posts";"#ATENCIÓN | Cierre en la av. Simón Bolívar por un derrumbe este domingo 16 de marzo del 2025. ¿Vías alternas? https://ow.ly/C6ig50ViKwy";"2025-03-16T15:57:03+0000";"2025-03-17T00:53:24+0000";""
"1";"247";"10";"237673324113_1055507479944894";"data";"data.*";"fetched (200)";"2025-03-16 20:54:23.180076";"Facebook:/<page-id>/posts";"#TV | 🔥😋 ¡Talento, esfuerzo y disciplina! El mejor programa del Ecuador #MCCelebrityEc. 👩🍳👨🍳 ¡No te pierdas los capítulos finales! Lunes a viernes, 21:00, por Teleamazonas 👉 https://ow.ly/8Lf150U9oCb  #MasterChef #MasterChefCelebrityEC #MasterChefEcuador #MasterChefCelebrity";"2025-03-16T15:30:56+0000";"2025-03-16T22:00:10+0000";""
"1";"248";"10";"237673324113_1055500103278965";"data";"data.*";"fetched (200)";"2025-03-16 20:54:23.180076";"Facebook:/<page-id>/posts";"#MUNDO | 59 muertos y más de 150 heridos tras un incendio en una discoteca en Macedonia. Esto se sabe https://ow.ly/eE3S50ViKiH";"2025-03-16T15:21:14+0000";"2025-03-17T01:49:17+0000";""
"1";"249";"10";"237673324113_1055473366614972";"data";"data.*";"fetched (200)";"2025-03-16 20:54:23.180076";"Facebook:/<page-id>/posts";"#ATENCIÓN | Por disposición del presidente Noboa, Petroecuador creará un fondo de remediación ambiental para Esmeraldas. Detalles https://ow.ly/kVji50ViJYq";"2025-03-16T14:38:12+0000";"2025-03-17T01:38:36+0000";""
"1";"250";"10";"237673324113_1055445529951089";"data";"data.*";"fetched (200)";"2025-03-16 20:54:23.180076";"Facebook:/<page-id>/posts";"#ATENCIÓN | La av. Oswaldo Guayasamín estará cerrada este domingo 16 de marzo. ¿Rutas alternas? https://ow.ly/w0ks50ViJCK";"2025-03-16T13:53:06+0000";"2025-03-16T21:08:42+0000";""
"1";"251";"10";"237673324113_1055432939952348";"data";"data.*";"fetched (200)";"2025-03-16 20:54:23.180076";"Facebook:/<page-id>/posts";"#VIDEO | Misa de este domingo 16 de marzo del 2025 por Teleamazonas https://ow.ly/RIqX50ViJuG";"2025-03-16T13:33:22+0000";"2025-03-16T19:36:25+0000";""
"1";"252";"10";"237673324113_1055407559954886";"data";"data.*";"fetched (200)";"2025-03-16 20:54:23.180076";"Facebook:/<page-id>/posts";"#TePuedeInteresar | Las mujeres emprendedoras pueden acceder a créditos de la banca pública en Ecuador. ¿Cómo hacerlo? https://ow.ly/BKKU50VitB4";"2025-03-16T12:50:03+0000";"2025-03-17T01:42:39+0000";""
"1";"253";"10";"237673324113_1055345106627798";"data";"data.*";"fetched (200)";"2025-03-16 20:54:23.180076";"Facebook:/<page-id>/posts";"#VIDEO | Espectacular avistamiento de más de 100 delfines en Galápagos https://ow.ly/NewA50ViHCr";"2025-03-16T10:50:12+0000";"2025-03-16T20:27:33+0000";""
"1";"254";"10";"237673324113_1055258119969830";"data";"data.*";"fetched (200)";"2025-03-16 20:54:23.180076";"Facebook:/<page-id>/posts";"#ATENCIÓN | 🥊🇪🇨 ¡VAMOS ECUADOR! Carlos Vera hace historia al conseguir su primera victoria en la UFC 💪https://ow.ly/zS5Q50ViHCl";"2025-03-16T09:00:43+0000";"2025-03-16T19:36:58+0000";""
"1";"255";"10";"237673324113_1055112073317768";"data";"data.*";"fetched (200)";"2025-03-16 20:54:23.180076";"Facebook:/<page-id>/posts";"#TV | ✨ La actriz, presentadora Marisol Romero llega a #ElBuscador. 🤩 ¡No te lo pierdas! Lunes, 22:30, por #Teleamazonas  Mira nuestra programación 👉 https://ow.ly/XWKo50TWLx1";"2025-03-16T04:00:36+0000";"2025-03-16T19:37:14+0000";""
"1";"256";"10";"237673324113_1055105209985121";"data";"data.*";"fetched (200)";"2025-03-16 20:54:23.180076";"Facebook:/<page-id>/posts";"#VIDEO | ¡Espectáculo natural! Impresionante avistamiento de más de 100 delfines en Galápagos 🇪🇨🐬 https://ow.ly/tsRH50ViHzG";"2025-03-16T03:47:36+0000";"2025-03-17T01:44:18+0000";""
"1";"257";"10";"237673324113_1055094399986202";"data";"data.*";"fetched (200)";"2025-03-16 20:54:23.180076";"Facebook:/<page-id>/posts";"#CocinandoMCC | 🎤🔥 ¡Emotiva despedida Mar Rendón! Erika Vélez hace la entrega de su filipina de #MasterChefCelebrityEc";"2025-03-16T03:30:37+0000";"2025-03-16T19:37:31+0000";""
"1";"258";"10";"237673324113_1055084726653836";"data";"data.*";"fetched (200)";"2025-03-16 20:54:23.180076";"Facebook:/<page-id>/posts";"#CocinandoMCC | 🍽️💛 Mar Rendón cierra su etapa en #MasterChefCelebrityEc con el corazón lleno. Se lleva su filipina, aprendizajes y el honor de haber cocinado junto a quienes admiraba 🫶🥹";"2025-03-16T03:10:48+0000";"2025-03-17T01:52:57+0000";""
"1";"259";"10";"237673324113_1055069123322063";"data";"data.*";"fetched (200)";"2025-03-16 20:54:23.180076";"Facebook:/<page-id>/posts";"Revise las noticias más destacadas del Ecuador en el Noticiero #24Horas (Emisión Estelar)  https://ow.ly/jtyR50ViHla";"2025-03-16T02:39:47+0000";"2025-03-16T21:28:50+0000";""
"1";"260";"10";"TeleamazonasEcuador";"offcut";"";"fetched (200)";"2025-03-16 20:54:23.180076";"Facebook:/<page-id>/posts";"";"";"";""
