id;parent_id;level;level;object_type;object_key;query_status;query_time;query_type;message;created_time;updated_time;error.message
94;4;1;661173657276456_905992408398573;data;data.*;fetched (200);2025-04-21 11:27:48.051028;Facebook:/<page-id>/posts;Feliz Año Nuevo #2025 ✨   #añonuevo;2024-12-30T21:30:50+0000;2025-01-06T17:03:59+0000;
95;4;1;661173657276456_901264965537984;data;data.*;fetched (200);2025-04-21 11:27:48.051028;Facebook:/<page-id>/posts;El Darién es una selva plagada de peligros naturales y presencia de grupos criminales que es usada a diario por centenares de personas que desean llegar a norteamérica en busca de mejores condiciones de vida.   @migracionusaoficial  #larutanoesloquetedicen #noarriesgueslavida #migraconpiederecho;2024-12-23T20:51:06+0000;2024-12-23T20:51:06+0000;
96;4;1;661173657276456_896075792723568;data;data.*;fetched (200);2025-04-21 11:27:48.051028;Facebook:/<page-id>/posts;Coméntanos tu historia de las novenas. ⬇️🎄  #tradiciones #novenasencolombia #familia;2024-12-16T14:22:19+0000;2024-12-16T14:22:19+0000;
97;4;1;661173657276456_892708193060328;data;data.*;fetched (200);2025-04-21 11:27:48.051028;Facebook:/<page-id>/posts;;2024-12-11T16:05:04+0000;2024-12-11T18:18:05+0000;
98;4;1;661173657276456_891879356476545;data;data.*;fetched (200);2025-04-21 11:27:48.051028;Facebook:/<page-id>/posts;El lema de la UNESCO de este año es  - Nuestros derechos, nuestro futuro ¡Ya! -  es un llamamiento a reconocer la importancia y relevancia de los derechos humanos en nuestra vida cotidiana. Tenemos la oportunidad de cambiar las percepciones denunciando el discurso de odio, corrigiendo la información errónea y contrarrestando la desinformación.  Este es el momento de revitalizar un movimiento global por los derechos humanos.  #derechoshumanos #todossomosiguales  #integración;2024-12-10T12:36:00+0000;2024-12-10T12:36:00+0000;
99;4;1;661173657276456_889926576671823;data;data.*;fetched (200);2025-04-21 11:27:48.051028;Facebook:/<page-id>/posts;El día de las velitas o noche de las velitas es una de las festividades más tradicionales de Colombia. El festejo varía según las regiones del país, pero generalmente empieza desde la noche del 7 de diciembre, con el encendido de faroles y velas que iluminan calles, centros comerciales, hogares de los pueblos y ciudades. Esta celebración marca el comienzo de las fiestas navideñas en el país. Mientras, el 8 de diciembre se celebra el dogma de la Inmaculada Concepción de la Virgen María.  #tradiciones #Diadevelitas #Integración;2024-12-07T15:30:13+0000;2024-12-07T23:30:31+0000;
100;4;1;661173657276456_888525596811921;data;data.*;fetched (200);2025-04-21 11:27:48.051028;Facebook:/<page-id>/posts;No debemos olvidar que no es posible alcanzar los Objetivos de Desarrollo Sostenible (ODS) sin contar con las personas en todas las etapas, a todos los niveles y en todo momento. El voluntariado convierte a los individuos en parte de las soluciones. Permite a las personas y a las comunidades participar en su propio desarrollo. Los voluntarios generan una cultura de servicio más rica en sus comunidades. Ayudan a tender puentes entre generaciones y apoyan el desarrollo sostenible. El voluntariado es un ciclo intergeneracional.  ¡GRACIAS a todos los voluntarios de Venezolanos en Barranquilla que son Agentes de Cambio efectivos en el desarrollo de la organización! ♥️  #voluntario #integración #conpiederecho;2024-12-05T14:54:45+0000;2024-12-05T14:54:45+0000;
101;4;1;661173657276456_887394153591732;data;data.*;fetched (200);2025-04-21 11:27:48.051028;Facebook:/<page-id>/posts;Cada 3 de diciembre se celebra el Día Internacional de las Personas con Discapacidad.   Muchas veces este grupo de personas se encuentran con grandes dificultades en la sociedad y con frecuencia son objeto de estigmatización y discriminación. La efeméride  persigue el objetivo de la inclusión y la difusión para evitar que las barreras culturales sigan dejando de lado a las personas que tienen algún tipo de discapacidad.  #discapacidad #personascondiscapacidad #migrantes;2024-12-03T23:48:37+0000;2024-12-03T23:48:37+0000;
102;4;1;661173657276456_887262496938231;data;data.*;fetched (200);2025-04-21 11:27:48.051028;Facebook:/<page-id>/posts;Este jueves 5 estaremos realizando una brigada de atención para migrantes, refugiados y retornados con toda una oferta de servicios.   ¡Te esperamos!  #venezolanosencartagena #venezolanos #brigada #servicios #migrantesvenezolanos;2024-12-03T18:39:26+0000;2024-12-03T18:39:26+0000;
103;4;1;661173657276456_883845977279883;data;data.*;fetched (200);2025-04-21 11:27:48.051028;Facebook:/<page-id>/posts;Fantástica oportunidad en Medellin para los venezolanos que aún no retiran su PPT.  Del 28 al 30 de Noviembre en el Coliseo Carlos Mauro Hoyos, a partir de las 8 de la mañana. La llave de la integración. Verifica tu cita  #asiste #regularización #migración;2024-11-28T21:25:55+0000;2024-11-28T21:25:55+0000;
104;4;1;661173657276456_883176840680130;data;data.*;fetched (200);2025-04-21 11:27:48.051028;Facebook:/<page-id>/posts;Mañana estaremos en 📍 Santa Marta   En una brigada junto a el Centro Integrate de Santa Marta donde ofrecerán diferentes servicios desde Afiliación en Salud, Sisben e Incidencia con el equipo de Migración Colombia 🇨🇴   ¡TE ESPERAMOS!   #migración #colombia #venezuela #venezolanos;2024-11-27T23:41:13+0000;2024-11-27T23:41:13+0000;
105;4;1;661173657276456_883118840685930;data;data.*;fetched (200);2025-04-21 11:27:48.051028;Facebook:/<page-id>/posts;Las solicitudes en línea para Movilidad Segura se encuentran temporalmente cerradas.  Si lograste hacer el registro te aconsejamos tener paciencia, ya que el proceso está demorado  por la cantidad de personas que se han inscrito.  Si usted no es elegible para participar en el programa de Movilidad Segura, puede considerar otras opciones, como Welcome Corps u otras vías complementarias a Canadá.  Para más información busca los portales oficiales:  www.movilidadsegura.org  @migracionusaoficial   #movilidadsegura #venezolanos #venezolanosencolombia;2024-11-27T21:10:49+0000;2024-11-27T21:10:49+0000;
106;4;1;661173657276456_882328564098291;data;data.*;fetched (200);2025-04-21 11:27:48.051028;Facebook:/<page-id>/posts;Los esperamos mañana en Bogotá;2024-11-26T16:49:34+0000;2024-11-26T23:02:51+0000;
107;4;1;661173657276456_881573207507160;data;data.*;fetched (200);2025-04-21 11:27:48.051028;Facebook:/<page-id>/posts;Las tres hermanas Mirabal de República Dominicana, un dia como hoy fueron asesinadas por luchar por sus derechos, contra un régimen dictatorial de ahi que hoy se conmemora “El día Internacional de la Eliminación de la Violencia contra la Mujer”. Es la oportunidad para leer el libro o ver la película - En el Tiempo de las Mariposas - de Julia Alvarez, quien plasmó el activismo de estas tres inspiradoras mujeres . Esta es una batalla que nunca debe acabar y que se debe recordar todas las veces que sea necesaria, para eliminar la violencia contra la mujer en cualquier terreno. La Asamblea General de las Naciones Unidas adoptó la Resolución 48/104 para la Eliminación de la Violencia contra la Mujer, que define este tipo de violencia como “ todo acto de violencia basado en la pertenencia al sexo femenino que tenga o pueda tener como resultado un daño o sufrimiento físico, sexual o psicológico para la mujer, así como las amenazas de tales actos, la coacción o la privación arbitraria de la libertad, tanto si se producen en la vida pública como en la vida privada”.  #noalaviolenciacontralamujer  #derechoshumanos;2024-11-25T14:16:45+0000;2024-11-25T14:16:45+0000;
108;4;1;661173657276456_874905174840630;data;data.*;fetched (200);2025-04-21 11:27:48.051028;Facebook:/<page-id>/posts;¡Últimos días para inscribirte y votar en la selección de delegados de la Mesa!  Si eres colombiano en el exterior, retornado o migrante regular, ¡inscríbete y participa! Recuerda: si te inscribes después del 18 de noviembre, podrás ser parte de la Mesa, pero NO podrás votar en esta ocasión.   Conoce más sobre la Mesa Nacional de la Sociedad Civil en el link: https://www.colombianosune.com/Mesa_Nacional_de_la_Sociedad_Civil_para_las_Migraciones  #migración  #rumboalamesa  #colombianosune  #participacioneinsercion #conpiederecho;2024-11-15T19:50:10+0000;2024-11-15T19:50:10+0000;
109;4;1;661173657276456_872917321706082;data;data.*;fetched (200);2025-04-21 11:27:48.051028;Facebook:/<page-id>/posts;"Este Jueves en Bucaramanga, Festival de Economía en Movimiento, con Hallacazo incluido. En el Centro Intégrate de Bucaramanga, todo un despliegue de actividades orientadas al desarrollo y sustento financiero; talleres de autocuidado; oferta de empleo; emprendimientos y el Hallacazo apoyando la integración socio cultural.  ¡No dejes de asistir, te esperamos! #bucaramanga #hallacazo #venezolanosenbucaramanga";2024-11-12T19:55:47+0000;2024-11-12T19:55:47+0000;
110;4;1;661173657276456_872193065111841;data;data.*;fetched (200);2025-04-21 11:27:48.051028;Facebook:/<page-id>/posts;Para entender la Migración hay que obtener datos y data confiables. Migración Colombia, en su portal lleva una estadística actualizada, en su Sistema de Información Platinium se puede ver con detalle el perfil de los migrantes venezolanos en Colombia.  https://public.tableau.com/app/profile/migraci.n.colombia/viz/MigrantesvenezolanosenColombia-Junio2024/MigrantesvenezolanasosenColombia  #migracionvenezolana #integración #colombianosune  Mantente informado;2024-11-11T19:02:38+0000;2024-11-11T19:02:38+0000;
111;4;1;661173657276456_869462478718233;data;data.*;fetched (200);2025-04-21 11:27:48.051028;Facebook:/<page-id>/posts;"Venezolanos en Barranquilla  desde hace mas de 3 años apoya el comedor a cielo abierto, en alianza con  la Fundación  Social Manitos de Dios del barrio El Porvenir, en la Concepción del Municipio Soledad. Ha sido una tarea ardua y al mismo tiempo satisfactoria ofrecerle alimentos a la población infantil de este sector.  Se llevó a cabo una brigada especial  para mas de 50 menores de edad, donde líderes  comunitarios, agentes de cambio, funcionarios y voluntarios, caracterizaron a la comunidad; brindaron charlas sobre nutrición y motivación, asi como la entrega de alimentos, donados por @acceso_org Ademas tuvieron un compartir con la deliciosa merienda preparada por Manitos de Dios, y el acompañamiento de @onumujerescol   Todo dentro del marco del programa #ConPieDerecho brindando oportunidades que permitan la inserción de la población migrante y retornados en la dinámica social, cultural y económica del pais de acogida.  #onumujeres #comunidad #apoyo";2024-11-07T23:20:20+0000;2024-11-26T23:03:31+0000;
112;4;1;661173657276456_868725025458645;data;data.*;fetched (200);2025-04-21 11:27:48.051028;Facebook:/<page-id>/posts;Las políticas migratorias en los Estados Unidos continúan vigentes para quienes quieran optar a un ingreso regular.  #migracionsegura  #noarriesguestuvida  #conpiederecho;2024-11-06T21:10:59+0000;2024-11-06T21:10:59+0000;
113;4;1;661173657276456_868027458861735;data;data.*;fetched (200);2025-04-21 11:27:48.051028;Facebook:/<page-id>/posts;“Las trabas en la representación diplomática y consular pueden ocasionar problemas de legalidad en materia civil, penal y administrativa, lo que a su vez repercute en el acceso a servicios públicos, empleo y educación.” Tal Cual Encuentra la embajada o consulado de Venezuela en América, habilitado para realizar trámites de interés para los connacionales en un país extranjero.  #acessoarutas #identificación #integración #venezolanosenelmundo  @migracionusaoficial;2024-11-05T20:39:06+0000;2025-01-08T17:54:32+0000;
114;4;1;661173657276456_863087206022427;data;data.*;fetched (200);2025-04-21 11:27:48.051028;Facebook:/<page-id>/posts;¡CONÉCTATE ESTE JUEVES!  No creas en las brujas 🧙‍♀️   Especial de Halloween 🎃 estaremos respondiendo todas las dudas con respecto a tu proceso en Colombia 🇨🇴   Jueves 4:00 p. m. Hora 🇨🇴   #migrantes #halloween #brujas #pilas;2024-10-29T18:46:11+0000;2024-10-29T18:46:11+0000;
115;4;1;661173657276456_860324969631984;data;data.*;fetched (200);2025-04-21 11:27:48.051028;Facebook:/<page-id>/posts;"Pilin León, Presidente de Venezolanos en Barranquilla fue designada representante por el sector migrante ante el Consejo Consultivo de Mujeres del Departamento del Atlántico 2024 - 2026, como una instancia de diálogo, concertación, coordinación, articulación y corresponsabilidad entre las organizaciones públicas y privadas en el marco de la Política Pública y equidad de Género.  “La participación activa de las mujeres en instancias como el Consejo Consultivo es clave para construir una sociedad más justa e inclusiva. Sus experiencias, ideas y visiones son fundamentales para impulsar cambios significativos en nuestra comunidad. ¡Anímense a ser parte de este importante proceso y hagamos juntas historia en la lucha por la igualdad y el respeto a los derechos de todas!”, es la demanda de la secretaría de la Mujer y Equidad de Género del Atlántico, María Lourdes Dávila. Los ejes estratégicos del consejo consultivo son: • Cultura libre de sexismo e institucionalidad para la igualdad de género. • Una vida libre de violencias con salud plena. • Autonomía económica y trabajo digno e igualitario. • Democracia paritaria, participación, representación con equidad y construcción de paz. • Hábitat y vivienda digna y sostenible e igualdad en la tenencia de tierras. • Educación de calidad con enfoque diferencial y acceso de las mujeres a la tecnología.  Las mujeres que conforman este Consejo Consultivo son: Angelica Robles, Mujeres con discapacidad; Astrid Velasquez, Mujeres víctimas del conflicto armado o desplazadas por la violencia; Claudia León, Sector educativo nivel superior; Denis Bolívar, Sector educativo nivel básico; Gilma Jimenez, Mujeres Campesinas; Linda Torres, Eje estratégico - Cultura libre de sexismo e institucionalidad para igualdad de género; Luz Menco, Eje estratégico - Hábitat y vivienda; Ma. Angelica Serje, Eje estratégico - Educación de calidad con enfoque diferencial; Ruth Duncan, Diversidad étnica y Pilin Leon por Mujeres migrantes.  @gobatlantico @secmujeratlantico  #integracion  #mujeres  #equidaddegenero #mujermigrante #atlántico";2024-10-26T00:48:53+0000;2024-10-26T00:48:53+0000;
116;4;1;661173657276456_850107773987037;data;data.*;fetched (200);2025-04-21 11:27:48.051028;Facebook:/<page-id>/posts;La selva del Darién tiene 575.000 hectáreas, no cuenta con vías de comunicación, representa una trampa mortal para aquellos que buscan su camino a Estados Unidos.  @migracionusaoficial   #MigraConPieDerecho;2024-10-11T22:37:42+0000;2024-10-11T22:37:42+0000;
117;4;1;661173657276456_849216467409501;data;data.*;fetched (200);2025-04-21 11:27:48.051028;Facebook:/<page-id>/posts;En el día mundial de la Salud Mental resaltamos la importancia de velar por el cuidado mental de los niños, niñas y adolescentes, en esta oportunidad dirigimos la atención a la infancia de la migración, quienes presentan señales específicas por haber emigrado a otro país, otra cultura.  La Doctora Ariana Hoet, directora ejecutiva clínica de la Fundación para la Salud Mental de los Niños, con sede en Ohio. señala - “Cuando se trata de los niños latinos vemos que están a más altos riesgos de cosas como depresión, ansiedad, comportamientos o pensamiento suicida. Entonces sabemos que si ya los niños en general están en crisis, para los niños latinos nos preocupamos aún más” - los factores de riesgo se aprecian sobre todo entre los niños que nacieron en EEUU de padres latinos y aquellos que tuvieron que migrar con sus padres desde sus países de origen.  #saludmental  #infanciasana #autocuidado;2024-10-10T18:40:54+0000;2024-10-10T18:40:54+0000;
118;4;1;661173657276456_847692180895263;data;data.*;fetched (200);2025-04-21 11:27:48.051028;Facebook:/<page-id>/posts;La ciudad de Bogotá será el escenario perfecto para este encuentro que celebra la unión de culturas y el diálogo constructivo. #festivalholaamérica2024  #personasenmovimiento #innovaciónsocial;2024-10-08T16:31:11+0000;2024-10-08T16:31:11+0000;
119;4;1;661173657276456_842039188127229;data;data.*;fetched (200);2025-04-21 11:27:48.051028;Facebook:/<page-id>/posts;Migrar es un desafío. Protégete haciéndolo de forma segura ✅.  Si tienes intención de migrar piensa bien tus decisiones, evita ser víctima de delincuentes, peligros naturales, trata de personas y tráfico de migrantes 🚨.  Infórmate sobre la mejor manera de hacerlo. No elijas el camino equivocado. #migraconpiederecho;2024-09-30T21:02:36+0000;2024-09-30T21:02:36+0000;
120;4;1;661173657276456_842014861462995;data;data.*;fetched (200);2025-04-21 11:27:48.051028;Facebook:/<page-id>/posts;Si eres migrante, refugiado, colombiano retornado de Venezuela o desplazado y estas en el Departamento del Atlántico, puedes acudir al Centro Intégrate de Barranquilla a solicitar información y orientación sobre procesos y trámites de inclusión socioeconómica en Colombia. La oferta de servicios que encuentras en el Centro Intégrate, va desde regularización, escolarización, asesoría jurídica, atención psicosocial, información sobre empleabilidad y agenda cultural entre otras. Es un espacio inclusivo abierto a todos, todas y todes.  Guarda esta publicación y acude al Centro cuando lo necesites.  Centro Intégrate, un lugar de encuentro en Barranquilla  Atenciones de Lunes a viernes: 8:00 a. m. a 4:00 p. m. Dirección: Calle 52 # 55 – 75  (antiguo Indeporte) Whatsapp: +57 313 831 0849  #centrointegratebarranquilla  #todossomosmigrantes  #migración  #colombianosune;2024-09-30T20:11:09+0000;2024-09-30T20:11:09+0000;
121;4;1;661173657276456_841073284890486;data;data.*;fetched (200);2025-04-21 11:27:48.051028;Facebook:/<page-id>/posts;Barranquilla se sumó a la gran protesta mundial por la libertad en Venezuela. Bajo una incesante lluvia, se reunieron en la Plaza La Paz los venezolanos y colombianos en Barranquilla para conmemorar dos meses de la victoria de Edmundo González Urrutia, y rendir homenaje a las víctimas de la brutal represión del régimen.  Por Venezuela, por su gente, por los tantos presos políticos, por el país que merecemos, por las familias separadas y una región en libertad.  #VenezuelaLibre #HastaElFinal #TenemosLasActas #VzlaLibre #frevzla🇻🇪;2024-09-29T13:55:56+0000;2024-09-29T13:55:56+0000;
122;4;1;661173657276456_839866205011194;data;data.*;fetched (200);2025-04-21 11:27:48.051028;Facebook:/<page-id>/posts;Líderes del fútbol alemán capacitarán a jóvenes colombianos en Barranquilla para transformar vidas a través del deporte.  The Football Club Social Alliance, la Fundación Scort, Fútbol Con Corazón y ACNUR Colombia, presentan en el programa Young Coaches, una iniciativa que busca fortalecer las habilidades de jóvenes entrenadores para utilizar el fútbol como herramienta de desarrollo social y protección infantil.  Del 26 al 29 de septiembre, Barranquilla es el epicentro del fútbol para el desarrollo social. Un grupo de 41 jóvenes entrenadores de 15 departamentos de Colombia se reúnen para participar en el programa Young Coaches.  Marcel Kaffenberger, ex jugador alemán e instructor del club deportivo alemán 1. FSV Mainz 05  y Carl Weimer, Psicólogo en el deporte del equipo profesional SV Werder Bremen  compartirán su experiencia en el campo del fútbol y el desarrollo social.  Carlos Pérez Castro, Director Ejecutivo de FCC “Fútbol Con Corazón se enorgullece de ser parte de esta iniciativa que busca transformar vidas a través del deporte. Estamos convencidos de que estos jóvenes entrenadores se convertirán en agentes de cambio en sus comunidades”.  Young Coaches, busca que los líderes no solo aprendan a trabajar con niños, niñas y adolescentes en el fútbol comunitario, sino que también reflexionen sobre su responsabilidad como referentes y modelos a seguir para los niños, niñas y adolescentes.   #eldeportenosune  #lideressociales  #transformando;2024-09-27T23:08:07+0000;2024-09-27T23:08:07+0000;
123;4;1;661173657276456_836781948652953;data;data.*;fetched (200);2025-04-21 11:27:48.051028;Facebook:/<page-id>/posts;Se define la trata de personas : “la captación, el transporte, el traslado, la acogida o la recepción de personas recurriendo a la amenaza o al uso de la fuerza u otras formas de coacción, al rapto, al fraude, al engaño, al abuso de poder o de una situación de vulnerabilidad o a la concesión o recepción de pagos o beneficios para obtener el consentimiento de una persona que tenga autoridad sobre otra, con fines de explotación.  Esta explotación incluirá, como mínimo, la explotación de la prostitución ajena u otras formas de explotación sexual, los trabajos o servicios forzados, la esclavitud o las prácticas análogas a la esclavitud, la servidumbre o la extracción de órganos”.  La trata de personas es un delito de la delincuencia organizada transnacional que afecta principalmente a niñas, niños y mujeres, por lo que es necesario y urgente que los Estados Partes coordinen y articulen esfuerzos nacionales y regionales mediante la creación de medidas y mecanismos normativos e institucionales efectivos para prevenirla, sancionarla y proteger a las víctimas. La trata de personas también es conocida como la esclavitud del siglo XXI.  #niunamas  #nohagastratoconelmaltrato  #denuncia;2024-09-23T18:25:15+0000;2024-09-23T18:25:15+0000;
125;5;1;594700783880121_999418408880715;data;data.*;fetched (200);2025-04-21 11:27:48.914582;Facebook:/<page-id>/posts;;2024-12-30T20:54:14+0000;2024-12-30T20:54:14+0000;
126;5;1;594700783880121_999393795549843;data;data.*;fetched (200);2025-04-21 11:27:48.914582;Facebook:/<page-id>/posts;El mundo habla de Colombia como ejemplo en materia migratoria.  Así avanzamos en nuestra política migratoria en 2024.  #ColombiaVaBien;2024-12-30T19:53:25+0000;2025-01-25T14:47:24+0000;
127;5;1;594700783880121_999358432220046;data;data.*;fetched (200);2025-04-21 11:27:48.914582;Facebook:/<page-id>/posts;¡En la Cancillería el bienestar de los colombianos y colombianas es una prioridad! Les prometimos más y mejores servicios y cumplimos, pues ustedes son nuestra razón de ser.  #ColombiaVaBien;2024-12-30T18:34:02+0000;2024-12-30T18:34:02+0000;
128;5;1;594700783880121_999326485556574;data;data.*;fetched (200);2025-04-21 11:27:48.914582;Facebook:/<page-id>/posts;En los aeropuertos de Bogotá, Cali, Barranquilla, Cartagena, San Andrés, Medellín y Cúcuta, los colombianos y colombianas podrán ver, antes de salir del país, las campañas pedagógicas de la Cancillería sobre los riesgos de la migración irregular, las situaciones a las que se exponen al caer en redes de trata de personas y otros.   Les invitamos a mantenerse informados por canales oficiales y a revisar detenidamente las ofertas que reciben para migrar al exterior.;2024-12-30T17:30:04+0000;2025-01-02T15:51:38+0000;
129;5;1;594700783880121_999250602230829;data;data.*;fetched (200);2025-04-21 11:27:48.914582;Facebook:/<page-id>/posts;Desde la Cancillería invitamos a los colombianos a que en estas fechas no se dejen engañar con propuestas de personas mal intencionadas y que se informen de manera correcta antes de viajar al exterior.   Estamos presentes en las principales terminales aéreas y terrestres del país con nuestras campañas pedagógicas por una migración segura y regular, la lucha contra la trata de personas, así como con información sobre el nuevo modelo de pasaporte.;2024-12-30T15:24:25+0000;2024-12-30T15:24:25+0000;
130;5;1;594700783880121_998913968931159;data;data.*;fetched (200);2025-04-21 11:27:48.914582;Facebook:/<page-id>/posts;Hoy en Buenaventura fue reconocido el Canciller Luis Gilberto Murillo como Embajador de la Partería, recibiendo por parte de la @EscuelaTallerdeBuenaventura la placa de reconocimiento “Manos de Partera”. Este reconocimiento reafirma su compromiso con la salvaguardia de la partería tradicional, declarada Patrimonio Cultural Inmaterial de la Humanidad.  La entrega se realizó en este importe lugar y contó con la presencia de miembros y representantes de las Naciones Unidas, la Embajadoras, el ICBF, la Alcaldesa de Buenaventura y diversas organizaciones artísticas, sociales y culturales, junto a la comunidad en general.  Durante el recibimiento de la placa, el Canciller exaltó la invaluable labor de las parteras, liderada en el Pacífico colombiano por nuestra pionera Rosmilda Quiñones. Asimismo, destacó la importancia de armonizar la partería tradicional con los sistemas de cuidado promovidos por el ICBF, garantizando la protección y continuidad de este saber ancestral.  Como un gesto de conexión con nuestra cultura, el Canciller también recibió la receta del gloriado, una bebida ancestral que honra nuestra tradición, elaborada por Mama Minda - Marca @Asoparupa. Este acto simboliza la transmisión de los saberes que nutren nuestra identidad y fortalecen nuestro legado.  #Buenaventura #Colombia #Tradición;2024-12-30T04:00:25+0000;2025-01-01T13:39:45+0000;
131;5;1;594700783880121_998835358939020;data;data.*;fetched (200);2025-04-21 11:27:48.914582;Facebook:/<page-id>/posts;En su visita al barrio La Playita, el Canciller @luisgmurillou se deleitó con música, las sonrisas y el calor humano de los habitantes del sector.  El compromiso es trabajar juntos por el bienestar de las comunidades.  ¡El Pacífico es alegría, cultura, unión y fuerza! 🌊✨   #Buenaventura #RegiónPacífico #Buenaventura #Colombia;2024-12-30T01:16:58+0000;2024-12-30T06:08:54+0000;
132;5;1;594700783880121_998825902273299;data;data.*;fetched (200);2025-04-21 11:27:48.914582;Facebook:/<page-id>/posts;El talento deportivo en #Buenaventura 🥅   El Canciller @l@luisgmurillou visitó la cancha de Monte Chino, un lugar emblemático, donde la pasión por el deporte se hace evidente en cada jugada. Este espacio es testigo del talento y la dedicación de la gente, que con esfuerzo y compromiso lleva en alto el nombre de la región.   ¡Buenaventura es deporte y vida! ⚽✨   #Buenaventura #TalentoDeportivo #Colombia;2024-12-30T00:54:04+0000;2024-12-30T00:54:04+0000;
133;5;1;594700783880121_998815962274293;data;data.*;fetched (200);2025-04-21 11:27:48.914582;Facebook:/<page-id>/posts;Alegría para los niños de Buenaventura 🥰  Durante su presencia en el pabellón pediátrico del Hospital Distrital de #Buenaventura, el Canciller @luisgmurillou compartió un agradable momento sacando sonrisas a los más pequeños. Su visita llevó esperanza y alegría a los niños, reafirmando el compromiso de la Cancillería con el bienestar de todos. ¡  La felicidad de nuestros niños es nuestra mayor recompensa! 🌟💖    #Buenaventura;2024-12-30T00:29:41+0000;2024-12-30T00:36:27+0000;
134;5;1;594700783880121_998797988942757;data;data.*;fetched (200);2025-04-21 11:27:48.914582;Facebook:/<page-id>/posts;El Canciller @luisgmurillou, junto a su equipo de trabajo, llevó a cabo una jornada llena de encuentros significativos en el Distrito de Buenaventura. Durante su visita, recorrió el Hospital Distrital Luis Ablanque de la Plata para conocer de cerca las necesidades del sector salud, compartió momentos especiales con los niños entregándoles regalos que llenaron de esperanza sus corazones, visitó y compartió con jóvenes de La Playita y resaltó el talento local en la Escuela Taller.   La jornada culminó con un almuerzo junto a líderes comunitarios y empresarios, reafirmando el compromiso de la Cancillería con el desarrollo social y económico de la región. ¡Buenaventura es el reflejo de nuestra diversidad y fortaleza como país! 🇨🇴✨   #Buenaventura #Colombia #CancilleríaEnTerritorio;2024-12-29T23:41:49+0000;2025-01-01T04:42:27+0000;
135;5;1;594700783880121_998033235685899;data;data.*;fetched (200);2025-04-21 11:27:48.914582;Facebook:/<page-id>/posts;🌟 Hoy, desde Palenque, la viceministra @KandyaObezo y el presidente ejecutivo de @agendaCAF @sergiodigra sostuvieron un encuentro con líderes comunitarios y la Gobernación de Bolívar en la búsqueda de soluciones conjuntas a través de la cooperación internacional para los pueblos afrodescendientes.   Durante la jornada se abordaron proyectos comunitarios de desarrollo sostenible, promoviendo iniciativas para mejorar los sistemas de salud, potenciar el turismo cultural y la infraestructura vial de la comunidad palenquera.  #Comunidad #DesarrolloSostenible;2024-12-28T19:43:52+0000;2025-01-01T00:57:19+0000;
136;5;1;594700783880121_995974119225144;data;data.*;fetched (200);2025-04-21 11:27:48.914582;Facebook:/<page-id>/posts;Mensaje del Canciller Luis Gilberto Murillo a los funcionarios y funcionarias del Ministerio de Relaciones Exteriores.   La política exterior progresista de Colombia se posiciona en el mundo.;2024-12-25T19:49:11+0000;2025-01-27T23:31:12+0000;
137;5;1;594700783880121_993115786177644;data;data.*;fetched (200);2025-04-21 11:27:48.914582;Facebook:/<page-id>/posts;El Ministerio de Relaciones Exteriores lamenta profundamente el ataque ocurrido el día de ayer en un mercado de navidad en la localidad de Magdeburgo, oriente de Alemania. El Gobierno de Colombia rechaza este acto de violencia y expresa sus sentidas condolencias al pueblo de Alemania, al tiempo que se solidariza con las víctimas de este repudiable hecho, y con sus familias.;2024-12-21T19:33:19+0000;2024-12-21T19:33:19+0000;
138;5;1;594700783880121_991653649657191;data;data.*;fetched (200);2025-04-21 11:27:48.914582;Facebook:/<page-id>/posts;¡Importante! Ten en cuenta los horarios de atención en nuestras sedes de Pasaportes en Bogotá los días 24 y 31 de diciembre.;2024-12-19T20:27:25+0000;2024-12-21T15:37:09+0000;
139;5;1;594700783880121_986520493503840;data;data.*;fetched (200);2025-04-21 11:27:48.914582;Facebook:/<page-id>/posts;#TúCuentasEnCancillería Te invitamos a participar enviando tus observaciones a las modificaciones de la versión 3 del Plan Anticorrupción y de Atención al Ciudadano (PAAC) de la vigencia 2024. Envíanos tus comentarios a más tardar el 18 de diciembre de 2024 a planeacion@cancilleria.gov.co  Según el Decreto 1122 de 2024, Artículo 2.1.4.4.1.5. Toda mención que se haga en normas o en cualquier otro documento al Plan Anticorrupción y Atención al Ciudadano se entiende referida al “Programa de Transparencia y Ética Pública”.;2024-12-12T17:25:10+0000;2024-12-18T13:05:30+0000;
140;5;1;594700783880121_985985613557328;data;data.*;fetched (200);2025-04-21 11:27:48.914582;Facebook:/<page-id>/posts;Comunicado sobre 'Subasta Diadema en Oro Calima';2024-12-11T23:04:05+0000;2024-12-11T23:04:05+0000;
141;5;1;594700783880121_985941403561749;data;data.*;fetched (200);2025-04-21 11:27:48.914582;Facebook:/<page-id>/posts;Estimados servidores y servidoras públicas:   Recuerden que si firman documentos susceptibles a apostilla o legalización deben registrar su firma ante el Ministerio de Relaciones Exteriores a través de la página web: https://tramites.cancilleria.gov.co/apostillalegalizacion/registroFirmas/inicio.aspx;2024-12-11T21:00:11+0000;2024-12-16T20:23:55+0000;
142;5;1;594700783880121_985414686947754;data;data.*;fetched (200);2025-04-21 11:27:48.914582;Facebook:/<page-id>/posts;El Estado colombiano, como medida de satisfacción y en cumplimiento de lo dispuesto por la Corte Interamericana de Derechos Humanos en el punto resolutivo No. 27 de la sentencia de 18 de octubre de 2023 adoptada en el caso Miembros de la Corporación Colectivo de Abogados “José Alvear Restrepo” vs. Colombia, comparte el texto completo de la decisión con la finalidad de que la sociedad conozca lo ocurrido y que no se repita. En su fallo, la Corte declaró la responsabilidad internacional de Colombia por los hechos de violencia, estigmatización, intimidación, hostigamientos, acciones de inteligencia ilegal e ilegítima, violencia de género, amenazas y desplazamiento perpetrados por agentes estatales contra los y las integrantes del Cajar, desde la década de 1990 y hasta la actualidad, con el fin de desincentivar u obstaculizar sus actividades de defensa de los derechos humanos.  Link: https://www.corteidh.or.cr/.../articulos/seriec_506_esp.pdf https://www.instagram.com/p/DB-FO3CxCH_/?igsh=MTJqZDlxNHJ1aTI2bw==;2024-12-11T01:34:18+0000;2024-12-18T15:23:00+0000;
143;5;1;594700783880121_985319226957300;data;data.*;fetched (200);2025-04-21 11:27:48.914582;Facebook:/<page-id>/posts;¿Sabías que puedes renovar tu pasaporte 100% en línea? Esto agilizará los procesos y te evitará filas. Conoce los beneficios aquí 👇 #PasaportesDelCambio;2024-12-10T21:33:47+0000;2025-04-09T16:37:56+0000;
144;5;1;594700783880121_984986856990537;data;data.*;fetched (200);2025-04-21 11:27:48.914582;Facebook:/<page-id>/posts;Colombia y Suecia avanzan en su asociación bilateral por medio de su diálogo político a nivel bilateral y en foros multilaterales.  Ambos países impulsaron la realización de la Primera Conferencia Conferencia Ministerial Mundial para Poner Fin a la Violencia Contra la Niñez (EVAC), que además de haber contado con la participación de delegados de 119 países, hizo un llamado a la acción intergubernamental para fortalecer la protección infantil.  Además, Suecia y Colombia trabajan de la mano en foros multilaterales y en torno a su compromiso con los derechos humanos, la democracia y el Estado de Derecho, así como con la igualdad de género.;2024-12-10T12:03:03+0000;2024-12-18T15:25:45+0000;
145;5;1;594700783880121_984421557047067;data;data.*;fetched (200);2025-04-21 11:27:48.914582;Facebook:/<page-id>/posts;La Cancillería en alianza con la @fao, impulsa el proyecto 'Innovación Tecnológica, Producción Sostenible y Generación de Ingresos' en La Libertad, Amazonas. Un ejemplo de compromiso con el desarrollo sostenible y el bienestar de nuestras comunidades fronterizas.;2024-12-09T15:22:32+0000;2024-12-09T20:49:10+0000;
146;5;1;594700783880121_983845260438030;data;data.*;fetched (200);2025-04-21 11:27:48.914582;Facebook:/<page-id>/posts;#NoticiasDelCambio | Te contamos los hechos más destacados de la semana.;2024-12-08T19:02:20+0000;2024-12-18T15:27:02+0000;
147;5;1;594700783880121_983234607165762;data;data.*;fetched (200);2025-04-21 11:27:48.914582;Facebook:/<page-id>/posts;🏝️| En Providencia, la Cancillería encabezó una jornada de diálogo territorial con la comunidad, recopilando insumos fundamentales para la formulación de la Política de Desarrollo e Integración Fronteriza. Este encuentro fortaleció el acercamiento con el pueblo raizal y la comunidad en general, reafirmando el compromiso con el desarrollo integral de la frontera insular.;2024-12-07T21:52:35+0000;2024-12-07T21:52:35+0000;
148;5;1;594700783880121_982953770527179;data;data.*;fetched (200);2025-04-21 11:27:48.914582;Facebook:/<page-id>/posts;#Hoy Canciller Luis Gilberto Murillo participó en el Panel Unidos por el Cambio: una alianza mundial contra el hambre y la pobreza, que se realizó en el Foro de Doha, que tiene lugar este 7 y 8 de diciembre en Qatar.  El jefe de la diplomacia colombiana aseguró que la Alianza Global contra la Pobreza y el Hambre, lanzada en la cumbre del G20 en Río de Janeiro con el compromiso inicial de más de 80 países y 60 instituciones, es una iniciativa urgente que busca abordar las causas profundas de la pobreza y el hambre a través de una acción global coordinada.  En la Declaración de Compromiso que Colombia elaboró para la adhesión a la Alianza, se incluyeron compromisos que reflejan el peopósito de Colombia en esta materia, como las políticas internas que se están implementando para la superación del hambre y la pobreza y la disposición de promover la cooperación entre los miembros de la Alianza para erradicar estas problemáticas.  Algunas de las políticas que Colombia se encuentra implementando y que se incluyeron en la Declaración de Compromiso son:  ▪️Política de Agroecología. ▪️Plan Nacional para la Promoción de la Comercialización de la Producción de la Economía Campesina, Familiar y Comunitaria. ▪️Zonas de Recuperación Nutricional (ZRN) en Ecosistemas estratégicos para la Soberanía Alimentaria. ▪️Política del Derecho Humano a la Alimentación, Nutrición Adecuada y Soberanía Alimentaria. ▪️Registro Universal de Ingresos (RUI). ▪️Implementación del Sistema Nacional de Seguimiento y Monitoreo para la Superación del Hambre y la Malnutrición. ▪️Programa Hambre Cero.;2024-12-07T13:39:06+0000;2024-12-07T21:31:17+0000;
149;5;1;594700783880121_982946837194539;data;data.*;fetched (200);2025-04-21 11:27:48.914582;Facebook:/<page-id>/posts;La agenda del Foro de Doha incluye temas como la sostenibilidad, el medio ambiente, el cambio climático, la seguridad alimentaria, la inteligencia artificial y la regulación de su uso, la tecnología digital y la ciberseguridad.;2024-12-07T13:27:29+0000;2024-12-07T13:27:29+0000;
150;5;1;594700783880121_982918760530680;data;data.*;fetched (200);2025-04-21 11:27:48.914582;Facebook:/<page-id>/posts;Luis Miguel Merlano Hoyos, embajador de Colombia en Emiratos Árabes Unidos y concurrente para Qatar, Baréin, Yemen y Kuwait, nos explica la importancia de la participación de Colombia en el Foro de Doha.;2024-12-07T12:36:16+0000;2024-12-07T12:36:16+0000;
151;5;1;594700783880121_982907510531805;data;data.*;fetched (200);2025-04-21 11:27:48.914582;Facebook:/<page-id>/posts;Canciller Luis Gilberto Murillo participa en el Foro de Doha;2024-12-07T12:15:25+0000;2024-12-07T12:15:25+0000;
152;5;1;594700783880121_982531947236028;data;data.*;fetched (200);2025-04-21 11:27:48.914582;Facebook:/<page-id>/posts;Comunicado de Prensa sobre visita oficial a Colombia del Comité de la ONU contra la Desaparición Forzada  En relación con la visita oficial a Colombia del Comité de la ONU contra la Desaparición Forzada, el Ministerio de Relaciones Exteriores se permite informar lo siguiente:  El Gobierno Nacional rechaza categóricamente la afirmación del comité sobre la supuesta existencia de 20.000 cuerpos no identificados en un hangar del aeropuerto El Dorado de Bogotá, divulgada el 5 de diciembre de 2024. Esta declaración, carente de sustento, ha generado confusión y controversia en el país, afectando la confianza en el informe presentado.  La Cancillería ha elevado una nota verbal de protesta al Comité, exigiendo explicaciones claras y precisas sobre el origen de esta información, que no solo carece de respaldo, sino que también compromete la rigurosidad y credibilidad de un órgano especializado de Naciones Unidas.  El Gobierno colombiano reitera su reconocimiento a la gravedad de la desaparición forzada en el país y su compromiso inquebrantable de erradicar este delito. Además, destaca la importancia del trabajo conjunto con las agencias de Naciones Unidas acreditadas en Colombia, que ha fortalecido la implementación de las recomendaciones de la Comisión para el Esclarecimiento de la Verdad, la Convivencia y la No Repetición, así como la ampliación de la agenda de derechos humanos.  El Gobierno Nacional continuará promoviendo una política de derechos humanos basada en la transparencia y el escrutinio internacional, pero subraya que la verificación rigurosa de la información es indispensable para preservar la confianza y la efectividad de los mecanismos de Naciones Unidas.  https://www.cancilleria.gov.co/newsroom/publiques/comunicado-prensa-visita-oficial-colombia-comite-onu-desaparicion-forzada ñ;2024-12-06T22:15:14+0000;2024-12-18T21:37:15+0000;
153;5;1;594700783880121_982468960575660;data;data.*;fetched (200);2025-04-21 11:27:48.914582;Facebook:/<page-id>/posts;"Colombia abre oficialmente su embajada en la República de Senegal  El Canciller@luisgmurillou oficializó la puesta en marcha de la Embajada de Colombia en la República de Senegal, como un símbolo de la voluntad de nuestro país por construir lazos sólidos con el continente Africano.  #EstrategiaÁfrica  En su intervención expresó: ¨Hoy honramos la memoria de nuestros ancestros y nuestras ancestras como un pilar de nuestra conexión histórica con esta parte del mundo (...) estamos en un proceso de reconexión con nuestra madre tierra y de la cultura, un proceso de reconexión histórica con África”.  Fruto de las nuevas relaciones con el continente africano, ya el país exportó su primer lote de café a la República de Senegal, y continuará trabajando por fortalecer las relaciones comerciales y afianzando los intercambios en materia de cultura, deporte e historia para el bienestar y crecimiento de los dos pueblos.  Colombia observa en la Estrategia 2063 de la Unión Africana, un marco propicio para la profundización de las relaciones políticas y comerciales; y Senegal tiene un enorme potencial, en esa perspectiva";2024-12-06T19:37:24+0000;2024-12-06T19:45:36+0000;
154;5;1;594700783880121_982451040577452;data;data.*;fetched (200);2025-04-21 11:27:48.914582;Facebook:/<page-id>/posts;;2024-12-06T19:02:35+0000;2024-12-06T21:50:07+0000;
168;12;1;301178233334429_1029724092519426;data;data.*;fetched (200);2025-04-21 11:27:52.195628;Facebook:/<page-id>/posts;📌#DeInterés | Migración Colombia aplica medida de inadmisión a dos ciudadanos nepalíes que fueron detectados en las salas internacionales del Aeropuerto Internacional El Dorado con pasaportes de Malasia falsos.;2024-12-30T22:04:58+0000;2024-12-30T22:04:58+0000;
169;12;1;301178233334429_1022468933244942;data;data.*;fetched (200);2025-04-21 11:27:52.195628;Facebook:/<page-id>/posts;Con el objetivo de construir espacios de participación más incluyentes y que reduzcan las brechas a la población con discapacidad, adelantamos en el Aeropuerto Internacional El Dorado la primera mesa de participación ciudadana enfocada en Personas con Discapacidad.;2024-12-20T20:30:02+0000;2025-01-05T20:14:30+0000;
170;12;1;301178233334429_1022443019914200;data;data.*;fetched (200);2025-04-21 11:27:52.195628;Facebook:/<page-id>/posts;"Con la participación de los consejos comunitarios de comunidades negras, resguardos indígenas de los pueblos Embera, Zenú y Gunadule, migrantes, comunidad local y el Gobierno nacional; los #DiálogosFronterizosPorLaVida, de Migración Colombia, se desarrollan con éxito en Acandí. 🙌🇨🇴";2024-12-20T19:32:50+0000;2025-01-12T22:18:51+0000;
171;12;1;301178233334429_1022315783260257;data;data.*;fetched (200);2025-04-21 11:27:52.195628;Facebook:/<page-id>/posts;Nuestros equipos de respuesta están preparados para brindarle apoyo a las víctimas de #TrataDePersonas en tiempo real, una vez se recibe un reporte. #PulsaElBotón con responsabilidad, con tu ayuda combatimos este delito.;2024-12-20T15:30:59+0000;2024-12-20T15:30:59+0000;
172;12;1;301178233334429_1021740606651108;data;data.*;fetched (200);2025-04-21 11:27:52.195628;Facebook:/<page-id>/posts;A pesar de los esfuerzos del Gobierno nacional, miles de personas siguen cayendo en las redes de #TrataDePersonas. Niñas, adolescentes y mujeres jóvenes son las víctimas más vulnerables de personas que explotan sus sueños y convierten sus cuerpos en mercancía. #NoEsUnPaseo;2024-12-19T21:24:00+0000;2024-12-27T16:33:58+0000;
173;12;1;301178233334429_1021718749986627;data;data.*;fetched (200);2025-04-21 11:27:52.195628;Facebook:/<page-id>/posts;#FelicesFiestasyFelicesViajes | Con #CheckMig cargas de manera anticipada la información de tu vuelo y optimizas el tiempo en el proceso de entrevista con el oficial de Migración Colombia.   🔵 Recuerda que no es obligatorio. Realízalo sin costo aquí 👇🏼 https://apps.migracioncolombia.gov.co/pre-registro/;2024-12-19T20:30:03+0000;2024-12-28T23:28:18+0000;
174;12;1;301178233334429_1021692583322577;data;data.*;fetched (200);2025-04-21 11:27:52.195628;Facebook:/<page-id>/posts;#GanaTiempoGanaMillas  Hasta el próximo 30 de enero las colombianas y colombianos que se registren en #Biomig en el Aeropuerto Internacional El Dorado, el Aeropuerto Internacional José María Córdova y el Aeropuerto Internacional Rafael Núñez de Cartagena de Indias, recibirán USD 25 o 5.000 millas, redimibles en vuelos internacionales de Avianca.;2024-12-19T19:31:04+0000;2024-12-19T19:31:04+0000;
175;12;1;301178233334429_1021597016665467;data;data.*;fetched (200);2025-04-21 11:27:52.195628;Facebook:/<page-id>/posts;Desde Migración Colombia queremos desearte #FelicesFiestasyFelicesViajes.   Para poder resolver cualquier eventualidad, durante la temporada de #FinDeAño preséntate al control migratorio con 4 horas de anticipación a tu vuelo.;2024-12-19T16:30:02+0000;2024-12-19T16:30:02+0000;
176;12;1;301178233334429_1021548363336999;data;data.*;fetched (200);2025-04-21 11:27:52.195628;Facebook:/<page-id>/posts;Los #DiálogosFronterizosPorLaVida de Migración Colombia regresan a Acandí este viernes 20 de diciembre desde las 8:30 de la mañana en el Hotel David Plaza.   Participa en este espacio de diálogo y construcción de soluciones junto a tu comunidad y el #GobiernoDelCambio.;2024-12-19T15:16:19+0000;2024-12-19T21:31:05+0000;
177;12;1;301178233334429_1021501403341695;data;data.*;fetched (200);2025-04-21 11:27:52.195628;Facebook:/<page-id>/posts;#FelicesFiestasyFelicesViajes | 5️⃣ cosas que debes tener en cuenta si sales del país en compañía de #MenoresDeEdad👫 durante esta temporada de #FinDeAño👇🏼;2024-12-19T14:01:34+0000;2025-01-08T17:52:22+0000;
178;12;1;301178233334429_1020885570069945;data;data.*;fetched (200);2025-04-21 11:27:52.195628;Facebook:/<page-id>/posts;Más de 100 asistentes de la sociedad civil, migrantes, representantes de 15 asociaciones afro, consejos comunitarios y entidades del #GobiernoDelCambio como Presidencia de la República, Departamento Nacional de Planeación - DNP, Instituto Colombiano de Bienestar Familiar ICBF celebraron con éxito los #DiálogosFronterizosPorLavida hoy en Necoclí.;2024-12-18T22:00:17+0000;2024-12-18T22:00:17+0000;
179;12;1;301178233334429_1020861496739019;data;data.*;fetched (200);2025-04-21 11:27:52.195628;Facebook:/<page-id>/posts;En el #DíaInternacionalDelMigrante queremos destacar el valor de la migración como motor para el desarrollo. Como hijo de inmigrantes colombianos, David, un español estudiante de medicina, quiere poner su granito de arena.;2024-12-18T21:01:10+0000;2025-03-01T14:24:30+0000;
180;12;1;301178233334429_1020839890074513;data;data.*;fetched (200);2025-04-21 11:27:52.195628;Facebook:/<page-id>/posts;Durante la celebración del #DíaInternacionalDelMigrante en Ipiales (Nariño) conocimos a Maribel, una venezolana que piensa que, aunque los procesos de integración pueden ser difíciles, como migrante se puede marcar la diferencia “en lo bonito”.;2024-12-18T20:15:24+0000;2024-12-18T20:15:24+0000;
181;12;1;301178233334429_1020817256743443;data;data.*;fetched (200);2025-04-21 11:27:52.195628;Facebook:/<page-id>/posts;Los #MenoresDeEdad👫 que viajan solos, con un tercero o con sólo uno de sus padres deben presentar el #PermisoDeSalida notariado.   Encuentra todas las recomendaciones de viaje para niños, niñas y adolescentes aquí 👇🏼 https://www.migracioncolombia.gov.co/entidad/salida-de-menores-del-pais;2024-12-18T19:30:03+0000;2024-12-19T06:40:08+0000;
182;12;1;301178233334429_1020737383418097;data;data.*;fetched (200);2025-04-21 11:27:52.195628;Facebook:/<page-id>/posts;En el marco de la conmemoración del #DíaInternacionalDelMigrante, nuestra Regional Nariño - Putumayo lideró un encuentro binacional para acercar la institucionalidad a migrantes y comunidades de acogida y promover la integración en la frontera colombo-ecuatoriana.;2024-12-18T17:00:45+0000;2024-12-18T22:07:45+0000;
183;12;1;301178233334429_1020691040089398;data;data.*;fetched (200);2025-04-21 11:27:52.195628;Facebook:/<page-id>/posts;🚨 #Atención Necoclí  Tenemos una cita hoy, desde las 8:30 a.m., en el colegio del corregimiento El Totumo para realizar los #DiálogosFronterizosPorLavida de Migración Colombia.   Construyamos juntos las soluciones para las principales problemáticas de tu región.;2024-12-18T15:36:36+0000;2024-12-18T20:48:30+0000;
184;12;1;301178233334429_1020628850095617;data;data.*;fetched (200);2025-04-21 11:27:52.195628;Facebook:/<page-id>/posts;#DeInterés | Migración Colombia deja a disposición de Policía Nacional de los Colombianos, en el Aeropuerto Internacional Alfonso Bonilla Aragón, a un colombiano requerido por el delito de homicidio. El ciudadano fue retenido por nuestros oficiales cuando pretendía salir del país con destino a España.;2024-12-18T14:00:13+0000;2024-12-18T14:00:13+0000;
185;12;1;301178233334429_1020123246812844;data;data.*;fetched (200);2025-04-21 11:27:52.195628;Facebook:/<page-id>/posts;En Aeropuerto Internacional El Dorado dejamos a disposición de Policía Nacional de los Colombianos a un colombiano que llegó en calidad de deportado.   Durante el control migratorio nuestros oficiales detectaron que se identificaba con una cédula falsa, por lo que tendrá que afrontar cargos por falsedad de documento.;2024-12-17T22:10:03+0000;2024-12-30T14:27:29+0000;
186;12;1;301178233334429_1020094740149028;data;data.*;fetched (200);2025-04-21 11:27:52.195628;Facebook:/<page-id>/posts;Para llegar a Estados Unidos Celeste tomó una lancha, junto a 18 personas, desde San Andrés hasta Nicaragua. Unos conocidos le habían dicho que era la ruta más fácil, pero debido al sobrepeso la embarcación naufragó minutos después. Ella fue la única sobreviviente.  #NoEsUnPaseo;2024-12-17T21:00:42+0000;2024-12-17T21:00:42+0000;
187;12;1;301178233334429_1020076050150897;data;data.*;fetched (200);2025-04-21 11:27:52.195628;Facebook:/<page-id>/posts;Hacemos equipo con Armada de Colombia, la Alcaldía de Santa Marta D.T.C.H., Policía Nacional de los Colombianos, Parques Nacionales Naturales de Colombia y Corporación Autónoma Regional del Magdalena-Corpamag, para realizar labores de patrullaje, control y verificación en aguas de la bahía de Santa Marta.;2024-12-17T20:15:02+0000;2024-12-17T20:15:02+0000;
188;12;1;301178233334429_1020041350154367;data;data.*;fetched (200);2025-04-21 11:27:52.195628;Facebook:/<page-id>/posts;Gracias al reporte de una empresa transportadora en nuestra plataforma #SIRE, oficiales de Migración Colombia de Valledupar interceptaron en bus intermunicipal que viajaba con destino a Bogotá a un ciudadano venezolano con orden de captura por el delito de hurto.;2024-12-17T19:00:39+0000;2025-03-11T15:21:30+0000;
189;12;1;301178233334429_1019982906826878;data;data.*;fetched (200);2025-04-21 11:27:52.195628;Facebook:/<page-id>/posts;#FelicesFiestasyFelicesViajes | En está temporada queremos regalarte más tiempo para tu familia.   Con #Biomig evitas las filas y haces migración más rápido.   Disponible para el ingreso y salida de colombianos y la salida de extranjeros en los principales aeropuertos del país.;2024-12-17T17:00:42+0000;2024-12-18T15:39:31+0000;
190;12;1;301178233334429_1019931930165309;data;data.*;fetched (200);2025-04-21 11:27:52.195628;Facebook:/<page-id>/posts;🚨 #Atención Necoclí  Tenemos una cita este miércoles 18 de diciembre desde las 8:30 a.m. para realizar los #DiálogosFronterizosPorLaVida de Migración Colombia.   Construyamos juntos las soluciones para las principales problemáticas de tu región.;2024-12-17T15:31:19+0000;2024-12-17T15:31:19+0000;
191;12;1;301178233334429_1019410860217416;data;data.*;fetched (200);2025-04-21 11:27:52.195628;Facebook:/<page-id>/posts;#FelicesFiestasyFelicesViajes | En está temporada queremos regalarte más tiempo para tu familia.   Con #Biomig evitas las filas y haces migración más rápido.   Disponible para el ingreso y salida de colombianos y la salida de extranjeros en los principales aeropuertos del país.;2024-12-16T23:00:04+0000;2024-12-17T01:27:51+0000;
192;12;1;301178233334429_1019369483554887;data;data.*;fetched (200);2025-04-21 11:27:52.195628;Facebook:/<page-id>/posts;El Cuerpo Consular de Cartagena de Indias resaltó la gestión y el compromiso de Migración Colombia en servicio de la seguridad de la ciudad amurallada, reconociendo a nuestro director regional Caribe, Dolcey de los Reyes, la Orden Civil del Mercurio en el grado de COMENDADOR.;2024-12-16T21:15:02+0000;2024-12-17T01:27:46+0000;
193;12;1;301178233334429_1019335963558239;data;data.*;fetched (200);2025-04-21 11:27:52.195628;Facebook:/<page-id>/posts;🗞️ #EsNoticia | Migración Colombia expulsa al dominicano Joel Sosa, alias PSOSA/MANTECO, requerido en Chile por tráfico de estupefacientes. Sosa fue aprendido en Bogotá, gracias a la articulación de nuestra Regional Andina, el Grupo de Policía Judicial, el CTI de la Fiscalía General de la Nación Colombia y el Gaula del Ejército Nacional de Colombia.;2024-12-16T20:00:12+0000;2024-12-17T23:19:23+0000;
194;12;1;301178233334429_1019268546898314;data;data.*;fetched (200);2025-04-21 11:27:52.195628;Facebook:/<page-id>/posts;#MigraciónEnCifras | En nuevo informe de migrantes venezolan@s el #OM3 de Migración Colombia cita estudio sobre su aporte fiscal al país, que en 2022 ascendió a USD 529 millones.   Consúltalo acá 👇 https://www.migracioncolombia.gov.co/infografias-migracion-colombia/informe-venez-jul-ago-2024;2024-12-16T17:30:03+0000;2024-12-20T04:30:42+0000;
195;12;1;301178233334429_1019233613568474;data;data.*;fetched (200);2025-04-21 11:27:52.195628;Facebook:/<page-id>/posts;#GanaTiempoGanaMillas  Hasta el próximo 30 de enero las colombianas y colombianos que se registren en #Biomig en el Aeropuerto Internacional El Dorado, el Aeropuerto Internacional José María Córdova y el Aeropuerto Internacional Rafael Núñez de Cartagena de Indias, recibirán USD 25 o 5.000 millas, redimibles en vuelos internacionales de Avianca.;2024-12-16T16:28:00+0000;2024-12-16T16:28:00+0000;
196;12;1;301178233334429_1017759083715927;data;data.*;fetched (200);2025-04-21 11:27:52.195628;Facebook:/<page-id>/posts;#MigraciónEnPluma te trae “La maleta”  de Sergei Dovlátov  “No somos mejores que los indígenas nativos norteamericanos y, por supuesto, tampoco somos más inteligentes. Solo fuimos quienes llegamos a la última parada de este autobús”  Lee acá la reseña 👇  https://www.migracioncolombia.gov.co/biblioteca-de-migracion/la-maleta;2024-12-14T17:25:12+0000;2024-12-15T23:37:52+0000;
197;12;1;301178233334429_1016955490462953;data;data.*;fetched (200);2025-04-21 11:27:52.195628;Facebook:/<page-id>/posts;#MigraciónEnCifras | El #OM3 de Migración Colombia publicó el nuevo Informe de migrantes venezolanas(os):   2.808.905 migrantes venezolan@s en Colombia representan el 5.6% de la población del país 🫶  Lee más 👇 https://www.migracioncolombia.gov.co/infografias-migracion-colombia/informe-venez-jul-ago-2024;2024-12-13T14:29:12+0000;2024-12-30T18:58:29+0000;
