level;id;parent_id;object_id;object_type;object_key;query_status;query_time;query_type;message;created_time;updated_time;error.message
0;1;None;CarolinaTohaM;seed;;;None;None;;;;
0;2;None;JeannetteJaraRoman;seed;;;None;None;;;;
0;3;None;GonzaloWinterPresidente;seed;;;None;None;;;;
0;4;None;joseantoniokast;seed;;;None;None;;;;
0;5;None;DiputadoJohannesKaiser;seed;;;None;None;;;;
0;6;None;evelynmatthei;seed;;;None;None;;;;
1;27;1;CarolinaTohaM;offcut;;fetched (200);2025-05-30 21:11:46.168437;Facebook:/<page-id>/posts;;;;
1;46;2;JeannetteJaraRoman;offcut;;fetched (200);2025-05-30 21:11:46.953879;Facebook:/<page-id>/posts;;;;
1;81;3;GonzaloWinterPresidente;offcut;;fetched (200);2025-05-30 21:11:47.660675;Facebook:/<page-id>/posts;;;;
1;90;4;joseantoniokast;offcut;;fetched (200);2025-05-30 21:11:48.529686;Facebook:/<page-id>/posts;;;;
1;103;5;DiputadoJohannesKaiser;offcut;;fetched (200);2025-05-30 21:11:49.315980;Facebook:/<page-id>/posts;;;;
1;130;6;evelynmatthei;offcut;;fetched (200);2025-05-30 21:11:49.972738;Facebook:/<page-id>/posts;;;;
1;7;1;1569387640022323_1093166072626989;data;data.*;fetched (200);2025-05-30 21:11:46.168437;Facebook:/<page-id>/posts;Pasamos por la Feria Caupolicán de Viña del Mar y nos llevamos en los ojos los colores, en las manos los productos frescos y en el corazón el cariño de su gente. 🌽🍅🥬 ¡Qué maravilla es recorrer las ferias de Chile! #CreoEnChile;2025-05-17T18:03:41+0000;2025-05-30T20:17:04+0000;
1;8;1;1569387640022323_1093037059306557;data;data.*;fetched (200);2025-05-30 21:11:46.168437;Facebook:/<page-id>/posts;✨ Tres generaciones, tres aprendizajes, un mismo cariño que se hereda y se transforma. De la abuela a la madre. De la madre a la hija. De la hija a la abuela. Moy y Matilde, las quiero mucho ❤️ #CreoEnChile;2025-05-17T14:08:33+0000;2025-05-24T02:20:59+0000;
1;9;1;1569387640022323_1091958862747710;data;data.*;fetched (200);2025-05-30 21:11:46.168437;Facebook:/<page-id>/posts;¿Qué podemos hacer frente a la baja natalidad? Primero, tomarnos en serio el tema y dejar atrás las soluciones mágicas. Respetar las decisiones de cada persona. La maternidad es un derecho, no una obligación.   1️⃣ El Estado debe apoyar a quienes sí quieren tener hijos y enfrentan barreras: acceso a tratamientos de fertilidad, vivienda, empleo digno, corresponsabilidad, postnatal irrenunciable, sala cuna y jardines infantiles.  2️⃣ Prepararnos para la sociedad que viene. La baja natalidad es un fenómeno mundial. En vez de presionar a las mujeres, debemos aprovechar el potencial laboral de miles de mujeres que hoy podrían trabajar si tuvieran las condiciones.  3️⃣ Cuidar a las niñas y niños que ya están aquí. En Chile nacen 130 mil niños al año, pero hay 400 mil que crecen en situación de vulnerabilidad. Urge un sistema de cuidados y protección real para ellos.  🌱 Progresar es anticiparse, acompañar y cuidar, no imponer. Ese es el Chile que queremos construir.  #CreoEnChile;2025-05-15T23:46:31+0000;2025-05-22T21:20:23+0000;
1;10;1;1569387640022323_1091769486099981;data;data.*;fetched (200);2025-05-30 21:11:46.168437;Facebook:/<page-id>/posts;Hoy de visita en la región de Valparaíso. Acompáñenme por acá y sigan el debate a las 12 hrs en el link que está en las historias.;2025-05-15T16:20:39+0000;2025-05-28T02:03:11+0000;
1;11;1;1569387640022323_1091058419504421;data;data.*;fetched (200);2025-05-30 21:11:46.168437;Facebook:/<page-id>/posts;Ayer presenté mi visión del desarrollo digital de Chile en la conferencia FinteChile. Nuestro país tiene una gran oportunidad de dar un nuevo salto de crecimiento apostando por la innovación, la digitalización y la colaboración.  El ecosistema FinTech es un ejemplo de cómo, cuando el Estado habilita y regula con criterio, la innovación florece, se crean empleos y se abren nuevas oportunidades para todos.  Chile tiene todo para ser un hub digital de América Latina. Solo necesitamos decisión y visión de futuro.  #CreoEnChile;2025-05-14T13:51:30+0000;2025-05-30T19:08:58+0000;
1;12;1;1569387640022323_1090673212876275;data;data.*;fetched (200);2025-05-30 21:11:46.168437;Facebook:/<page-id>/posts;Hay líderes cuyas palabras pesan más porque su vida las respalda. Pepe Mujica es uno de ellos. Comparto aquí algunas de sus frases, para recordarlo con admiración y cariño.;2025-05-13T23:00:56+0000;2025-05-16T11:21:51+0000;
1;13;1;1569387640022323_1089995209610742;data;data.*;fetched (200);2025-05-30 21:11:46.168437;Facebook:/<page-id>/posts;Hay quienes dicen que creen en la descentralización, pero a la hora de actuar, frenan los cambios. En mi caso, no solo creo en ella, sino que estoy convencida de que debemos atrevernos a dar el paso decisivo.  🌎 Fomento productivo, transporte público, turismo, parques nacionales, planificación territorial… son áreas que deben dejar de depender de Santiago y pasar a ser decisiones reales en cada región. 🗳️ En nuestro gobierno vamos a impulsar traspasos contundentes de competencias, no pequeñas atribuciones simbólicas. Las regiones merecen autoridad real para decidir sobre su futuro.  Se acabó el peregrinaje a Santiago para que les aprueben los proyectos. Vamos a poner el poder donde debe estar: en las regiones y sus comunidades.  #CreoEnChile;2025-05-12T22:57:42+0000;2025-05-21T00:14:24+0000;
1;14;1;1569387640022323_1089939152949681;data;data.*;fetched (200);2025-05-30 21:11:46.168437;Facebook:/<page-id>/posts;🎂❤️ Gracias por todo el cariño recibido en mi cumpleaños, y eso que todavía queda día y celebraciones! Hasta me sorprendieron con mariachis…;2025-05-12T20:54:17+0000;2025-05-30T22:50:14+0000;
1;15;1;1569387640022323_1089850912958505;data;data.*;fetched (200);2025-05-30 21:11:46.168437;Facebook:/<page-id>/posts;Ayer entrevistaron a nuestra jefa de campaña, Pía Mundaca. Si se la perdieron, aquí les compartimos algunos pasajes. ¡Grande Pía!;2025-05-12T17:42:26+0000;2025-05-19T11:59:47+0000;
1;16;1;1569387640022323_1089404453003151;data;data.*;fetched (200);2025-05-30 21:11:46.168437;Facebook:/<page-id>/posts;¿Cuántos años creen que cumplo? (yo todavía no lo puedo creer 😅).  Y ya que estamos en modo nostalgia, les dejo algunas fotos e historias de mi infancia: en la casa de Santiago Centro donde vivía cuando era niña, veraneando en El Tabo con mi bikini muy seria, en Chillán con mis papás y mi hermano recién nacido, y en una fiesta de disfraces inolvidable, que fue el último cumpleaños que celebré con mi papá.  También les dejo una del jardín infantil… cuando lloraba cada vez que mi mamá me dejaba (y ahora no hay quien me saque del trabajo 🤣). Qué bonito es mirar atrás y reconocerse en esos recuerdos. Porque aunque pase el tiempo, en el fondo, una sigue siendo la misma persona.  Gracias por acompañarme en este viaje de memorias. Nos vemos mañana para seguir celebrando la vida y lo que viene ❤️🎈 #CreoEnChile;2025-05-12T01:39:12+0000;2025-05-31T01:37:21+0000;
1;17;1;1569387640022323_1089345083009088;data;data.*;fetched (200);2025-05-30 21:11:46.168437;Facebook:/<page-id>/posts;Hoy estuvimos en El Bosque, compartiendo con un grupo de madres que, como tantas en Chile, sacan adelante sus hogares con esfuerzo, amor y coraje.  Conversamos sobre lo lindo y lo difícil que es ser mamá en nuestro país: la falta de protección, el machismo, la soledad que muchas veces enfrentan las madres solteras… pero también sobre la fuerza que tienen las mujeres para cambiar esta realidad.  Es urgente que la sociedad se haga cargo, que apoye a las madres y cuide a los niños y jóvenes que ya están aquí. Cada paso que demos en esa dirección es más empleo digno, más infancia protegida y más futuro para Chile.  #DíaDeLaMadre #CreoEnChile;2025-05-11T23:11:01+0000;2025-05-20T17:51:24+0000;
1;18;1;1569387640022323_1089104446366485;data;data.*;fetched (200);2025-05-30 21:11:46.168437;Facebook:/<page-id>/posts;En este Día de la Madre, comparto estos recuerdos que me regalaron mis hijos hace tiempo. Los guardo en mi dormitorio como pequeños tesoros, porque me recuerdan la importancia del cariño, la fuerza, la admiración mutua, el apoyo incondicional.  Gracias a todas las madres que cuidan, crían, enseñan, luchan y no se rinden. Y gracias a mis hijos, que me hicieron madre.  #DíaDeLaMadre #CreoEnChile;2025-05-11T14:23:11+0000;2025-05-22T01:07:38+0000;
1;19;1;1569387640022323_1088731749737088;data;data.*;fetched (200);2025-05-30 21:11:46.168437;Facebook:/<page-id>/posts;Hoy vivimos tiempos de mucha incertidumbre, pero también de grandes oportunidades. El cambio climático, la migración, la baja natalidad… pueden parecer amenazas, pero también son desafíos que nos invitan a evolucionar como sociedad.  La generación joven tiene en sus manos ese dilema: 🔸 Quedarse en la nostalgia de que “todo tiempo pasado fue mejor”… 🔸 O asumir el futuro como una responsabilidad compartida, con coraje y esperanza.  Desde Chile, tenemos las condiciones para ser protagonistas en este nuevo mundo que se está construyendo. Vamos con todo por ese camino 💪🌱 #CreoEnChile;2025-05-11T01:45:56+0000;2025-05-28T01:54:50+0000;
1;20;1;1569387640022323_1088650396411890;data;data.*;fetched (200);2025-05-30 21:11:46.168437;Facebook:/<page-id>/posts;Mañana es el Día de la Madre, y sé que muchas y muchos celebrarán a sus mamás: las que están con nosotros y las que ya partieron. Yo espero almorzar con la mía mañana, y no he podido dejar de pensar en ella durante esta campaña. En lo mucho que le debo. Cuando me preguntan cómo salimos adelante después de la tragedia de mi papá, no tengo duda de cuál es la respuesta: la fuerza y el amor de mi madre, Moy. Gracias mamá. Nos vemos mañana. ❤️;2025-05-10T22:19:43+0000;2025-05-16T12:55:43+0000;
1;21;1;1569387640022323_1088060263137570;data;data.*;fetched (200);2025-05-30 21:11:46.168437;Facebook:/<page-id>/posts;¡Qué gran recibimiento tuvimos hoy en Hualpén!  Este viernes participé en un encuentro muy valioso con dirigentes sociales de la comuna en la Sociedad Mutualista Bernardo O’Higgins, donde conversamos sobre temas que de verdad importan: medioambiente, trabajo y pensiones.  Me llevo muchas ideas, propuestas y sobre todo el cariño de la gente.  ¡Gracias por abrirme las puertas y compartir sus sueños para un Chile mejor!  #CuentaConTohá #Hualpén #Chile;2025-05-10T00:05:34+0000;2025-05-17T04:26:43+0000;
1;22;1;1569387640022323_1087983253145271;data;data.*;fetched (200);2025-05-30 21:11:46.168437;Facebook:/<page-id>/posts;Ayer estuvimos en Los Ángeles y nos vamos con el corazón lleno de agradecimiento. Gracias por cada abrazo, cada palabra de aliento y por el respaldo que nos inspira a seguir con más fuerza.  Hoy seguimos en Concepción, llevando nuestras propuestas y escuchando a las comunidades. ¡Vamos con todo! #CreoEnChile;2025-05-09T20:52:52+0000;2025-05-22T16:26:09+0000;
1;23;1;1569387640022323_1087317783211818;data;data.*;fetched (200);2025-05-30 21:11:46.168437;Facebook:/<page-id>/posts;¡Ya está en marcha!  Hoy presentamos al equipo que liderará esta campaña presidencial para las primarias del 29 de junio. Un equipo diverso, con experiencia, compromiso y visión de futuro, que trabajará para ofrecerle al país una alternativa seria, amplia y transformadora. 🌱🇨🇱  👥 Nuestra jefa de campaña será Pía Mundaca, quien coordinará un gran equipo humano con una misión clara: construir una propuesta con liderazgo político, despliegue territorial y una mirada estratégica. 🔹 Contamos con un Comité Estratégico que une experiencia municipal, parlamentaria y de gobierno: Claudio Castro, Ricardo Lagos Weber y Ana Lya Uriarte. 🗣️ Las vocerías estarán en manos de referentes del mundo político, social y académico, comprometidos con Chile. ♦️ Las definiciones políticas y electorales de la mano de los presidentes de los partidos y el enlace político de la candidata a cargo de Oscar Santelices. 🔶 Equipos programáticos, de comunicaciones y territoriales también son parte esencial de esta campaña.  Esta campaña es una invitación a construir mayorías amplias, a sumar fuerzas, ideas y convicciones. #CreoEnChile #Tohá2025 #Primarias2025;2025-05-08T19:43:56+0000;2025-05-16T19:08:20+0000;
1;24;1;1569387640022323_1086738646603065;data;data.*;fetched (200);2025-05-30 21:11:46.168437;Facebook:/<page-id>/posts;📽️ Máquina del Tiempo Hoy viajamos a 1987, en plena dictadura. Esta foto es de una marcha inolvidable que hicimos desde la FECH: todas de negro, con un solo lema —“Las mujeres defendemos la Universidad de Chile”. Éramos estudiantes, feministas, luchadoras. Y no nos callaban.  Las mujeres hemos sido protagonistas de los grandes cambios de nuestra historia. Con coraje, con ideas, con organización. Y aunque hemos avanzado, aún queda mucho por conquistar.  👀 ¿Se acuerdan de esos momentos? Comparte tu historia.  #MáquinaDelTiempo #CreoEnChile #MemoriaFeminista #FECH #UdeChile;2025-05-07T23:01:20+0000;2025-05-29T02:52:31+0000;
1;25;1;1569387640022323_1082505203693076;data;data.*;fetched (200);2025-05-30 21:11:46.168437;Facebook:/<page-id>/posts;⭕ Algunos quieren retroceder en derechos laborales y beneficios.  🚫 Nosotros NO!  💡Queremos proteger lo avanzado y conquistar más:  ✅ Más empleo femenino.  ✅ Remuneraciones justas para las mujeres.  ✅ Mejores condiciones para negociar colectivamente.  👉 Porque el trabajo digno es la base del bienestar. 🫂  #DíaDelTrabajo #CreoEnChile;2025-05-01T21:26:17+0000;2025-05-28T02:01:23+0000;
1;26;1;1569387640022323_1081911597085770;data;data.*;fetched (200);2025-05-30 21:11:46.168437;Facebook:/<page-id>/posts;⭕ Ayer vivimos un encuentro ciudadano emocionante.  Gente de mundos muy distintos se reunió para celebrar y sumarse a ésta candidatura.  Dirigentes vecinales, líderes sociales, jóvenes, actores, amistades de décadas, voluntarios... Una comunidad que me hace sentir profundamente acompañada. Nada es más poderoso que un equipo que cree en esta fuerza.   Gracias a todos!  Cuento con ustedes para que pensemos en grande a Chile.  #CreoEnChile #CuentaConTohá;2025-05-01T02:34:18+0000;2025-05-13T16:17:33+0000;
1;28;2;125532598842535_1298831638917685;data;data.*;fetched (200);2025-05-30 21:11:46.953879;Facebook:/<page-id>/posts;Hoy conmemoramos el Día Internacional contra la LGBTQIA+fobia, una fecha que recuerda un hito fundamental: el 17 de mayo de 1990, la Organización Mundial de la Salud eliminó la homosexualidad de la lista de enfermedades mentales. Un paso histórico, pero aún insuficiente frente a las múltiples violencias que siguen enfrentando las diversidades y disidencias sexogenéricas en todo el mundo.  Debemos alzar la voz con orgullo y convicción, porque ninguna persona debería vivir con miedo por ser quien es o amar a quien ama. Porque la diversidad no solo nos enriquece, sino que es parte esencial de una sociedad justa y libre.  Combatir los discursos de odio es una tarea urgente. No podemos permitir que se normalicen las violencias, las exclusiones ni las humillaciones hacia quienes desafían las normas impuestas. La dignidad no se debate: se respeta y se defiende.;2025-05-17T23:56:48+0000;2025-05-26T04:06:37+0000;
1;29;2;125532598842535_1296874989113350;data;data.*;fetched (200);2025-05-30 21:11:46.953879;Facebook:/<page-id>/posts;Hoy compartí una jornada profundamente emotiva y reflexiva en el encuentro “Mujeres Democráticas” en Ñuñoa. Tuvimos el honor de contar con la gran Inés Erazo y mujeres históricas del MEMCH, mujeres que han tejido con fuerza y dignidad las luchas por los derechos de todas.  Escuchar sus memorias, sus luchas y su compromiso inquebrantable con la democracia y la justicia social fue una inspiración. Nos recuerdan que el feminismo tiene historia, raíces y futuro, y que seguimos construyendo sobre los pasos de quienes abrieron camino antes que nosotras.  Gracias a todas quienes participaron y siguen creyendo en una democracia con rostro de mujer 💜✊🏼;2025-05-16T01:54:29+0000;2025-05-23T23:00:25+0000;
1;30;2;125532598842535_1295942815873234;data;data.*;fetched (200);2025-05-30 21:11:46.953879;Facebook:/<page-id>/posts;Nos encontramos por el Chile que soñamos🇨🇱  Hoy nos reunimos por Zoom con más de 100  jóvenes que creen en la justicia social, la organización y en una política con sentido. Conversamos, compartimos ideas para seguir construyendo porque el futuro es de tod@s✌🏻;2025-05-15T00:57:53+0000;2025-05-23T17:16:12+0000;
1;31;2;125532598842535_1294822792651903;data;data.*;fetched (200);2025-05-30 21:11:46.953879;Facebook:/<page-id>/posts;Hoy nos deja un referente de la izquierda latinoamericana: José “Pepe” Mujica. Un hombre tranquilo, austero y sencillo, que llenó de carisma y sensatez la política. Por tu profundo amor al pueblo, por tus ganas de cambiar el mundo para que este sea más digno, justo e igualitario, por todo eso y más, te llevaremos siempre en la memoria y el corazón. Hasta siempre, querido Pepe.  “La única cosa que no se puede comprar es la vida. La vida se gasta, y es miserable gastar la vida para perder libertad” ❤️;2025-05-13T19:52:13+0000;2025-05-21T00:24:26+0000;
1;32;2;125532598842535_1294639726003543;data;data.*;fetched (200);2025-05-30 21:11:46.953879;Facebook:/<page-id>/posts;¿Te imaginas una ciudad justa, segura y con futuro para tod@s?✌🏻  Mañana a las 20:00hrs, nos juntamos en Zoom a construir esa idea colectivamente. Porque las juventudes no solo tienen voz, también tienen propuestas  Súmate al primer encuentro de jóvenes por nuestra candidatura presidencial y conversemos cómo empujar las transformaciones que necesitamos.  Inscríbete en el link de mi perfil👀  #JóvenesPorJeannette #ConJeannetteEsPosible;2025-05-13T15:28:34+0000;2025-05-20T21:31:06+0000;
1;33;2;125532598842535_1293868646080651;data;data.*;fetched (200);2025-05-30 21:11:46.953879;Facebook:/<page-id>/posts;Siempre he dicho que antes que todo, soy una mujer de izquierda. Eso define lo que soy y desde ahí construyo. No me mueve el cargo, me mueve la convicción de que Chile puede ser más justo.  En esta entrevista con el @diariofinanciero hablé sin rodeos: de política, de crecimiento con justicia social, de seguridad y de lo que realmente significa hacerse cargo. Porque para mí, la política no se trata de discursos vacíos, sino de hacer las cosas bien y de frente.  Sé que mucha gente ya no cree en los políticos, pero yo no tengo nada que ocultar ni por qué mentir sobre quién soy. Esta soy yo. Y así es como quiero seguir trabajando por Chile.  ¿La leíste? Te leo en los comentarios.;2025-05-12T22:04:28+0000;2025-05-20T01:24:59+0000;
1;34;2;125532598842535_1292704612863721;data;data.*;fetched (200);2025-05-30 21:11:46.953879;Facebook:/<page-id>/posts;Este Día de la Madre no venimos solo a saludar. Venimos con propuestas concretas para las mujeres y madres de Chile🇨🇱  ✨ Porque cuidar también es una responsabilidad del Estado.  Estas son nuestras propuestas:  1️⃣ Sala cuna universal y gratuita para todas las madres. 2️⃣ Arriendo protegido: precios justos y estabilidad para las familias. 3️⃣ Reforma a la Ley de Equidad Salarial con fiscalización real. 4️⃣ Extensión del Chile Crece Contigo hasta los 13 años. 5️⃣ Becas de posgrado especiales para mujeres madres. 6️⃣ Postnatal obligatorio para padres: 2 meses intransferibles.  ¡Por un Chile que cuide a quienes cuidan! #DíaDeLaMadre;2025-05-11T18:23:49+0000;2025-05-12T20:03:31+0000;
1;35;2;125532598842535_1290693989731450;data;data.*;fetched (200);2025-05-30 21:11:46.953879;Facebook:/<page-id>/posts;¡Es tiempo de organizarnos para transformar Chile!🇨🇱🗳️  Súmate al comando de voluntarios y voluntarias por la campaña presidencial de Jeannette Jara. Porque el futuro se construye con participación, compromiso y esperanza. Inscríbete y se parte del cambio que el país necesita.  Inscríbete en el enlace de nuestras historias📲  #VoluntariadoPorJeannette #JeannetteJara2025 #TransformarChile #JeannetteTrabajaPorTi;2025-05-09T17:12:26+0000;2025-05-30T15:20:09+0000;
1;36;2;125532598842535_1290614033072779;data;data.*;fetched (200);2025-05-30 21:11:46.953879;Facebook:/<page-id>/posts;Cerramos una intensa gira por El Maule y Biobío, donde conversé con pescadores, vecinas y dirigentes en Linares, Coronel, Lota, Concepción y San Pedro de la Paz. Hablamos de pensiones, trabajo digno y de cómo el mar debe ser para todos, no para unas pocas familias.  No me gusta la política de los ofertones. Yo ya hice cosas concretas como ministra, como las 40 Horas y la Reforma de Pensiones. Hoy quiero invitarles a seguir avanzando juntos por un país más justo.  Chile necesita un salario vital, pensiones dignas y un Estado que garantice derechos sociales para todas y todos. Tengo convicciones, y creo que sí podemos cambiar las cosas🇨🇱✌🏻;2025-05-09T15:18:16+0000;2025-05-18T03:06:07+0000;
1;37;2;125532598842535_1290160959784753;data;data.*;fetched (200);2025-05-30 21:11:46.953879;Facebook:/<page-id>/posts;Hoy participé en la cuenta pública de la comuna de Peñalolén, una instancia democrática fundamental para rendir cuentas a la comunidad y proyectar el trabajo que viene. Agradezco de corazón el cariño de vecinas y vecinos, y la calidez con que siempre me reciben.  Sigamos trabajando juntas y juntos por un país más justo, solidario y con más oportunidades para todas y todos🇨🇱  @miguel.concham;2025-05-09T01:21:25+0000;2025-05-17T22:04:12+0000;
1;38;2;125532598842535_1288220503312132;data;data.*;fetched (200);2025-05-30 21:11:46.953879;Facebook:/<page-id>/posts;Desde muy joven supe lo importante que es tener espacios donde podamos conversar, mirarnos a los ojos y construir juntos. Hoy sigo creyendo firmemente en la fuerza transformadora de la juventud.  Por eso me reuní con jovenes de mi querida Región del Biobío, no solo para hablar, sino sobre todo para escucharles: saber qué les mueve, qué les preocupa, cuáles son sus ideas para este país que queremos cambiar y mejorar entre todas y todos.  Sé que hay frustraciones, pero también hay esperanza. Y si algo he aprendido en este camino, es que cuando las juventudes se organizan y participan, las cosas pueden cambiar de verdad.;2025-05-06T15:25:54+0000;2025-05-13T16:10:25+0000;
1;39;2;125532598842535_1288102723323910;data;data.*;fetched (200);2025-05-30 21:11:46.953879;Facebook:/<page-id>/posts;¡Es tiempo de organizarnos para transformar Chile!🇨🇱  Súmate al comando de voluntarios y voluntarias por nuestra campaña presidencial. Porque el futuro se construye con participación, compromiso y esperanza. Inscríbete y se parte del cambio que el país necesita.  Inscríbete en el enlace de nuestras historias📲  #VoluntariadoPorJeannette #JeannetteJara2025 #TransformarChile #JeannetteTrabajaPorTi;2025-05-06T13:07:38+0000;2025-05-30T15:19:18+0000;
1;40;2;125532598842535_1287467206720795;data;data.*;fetched (200);2025-05-30 21:11:46.953879;Facebook:/<page-id>/posts;¡Seguimos construyendo memoria y compromiso en el territorio!  📍Desde #Linares, nos desplegamos con convicción y respeto por nuestra historia: participamos en la entrega floral en el memorial de DDHH junto a la estatua de Carlos Camus, símbolo de lucha por la dignidad y los derechos fundamentales.  Cerramos la jornada con un emotivo encuentro ciudadano, donde compartimos reflexiones, esperanzas y desafíos por un Chile más justo y seguro para todas y todos🫂  ¡El territorio habla y construye futuro!🇨🇱;2025-05-05T18:27:37+0000;2025-05-13T12:48:34+0000;
1;41;2;125532598842535_1286812070119642;data;data.*;fetched (200);2025-05-30 21:11:46.953879;Facebook:/<page-id>/posts;#MayThe45th ¡Que la fuerza les acompañe! Y por cierto, que me acompañe. Cariños a todos❤️;2025-05-05T01:51:25+0000;2025-05-14T03:18:50+0000;
1;42;2;125532598842535_1285928180208031;data;data.*;fetched (200);2025-05-30 21:11:46.953879;Facebook:/<page-id>/posts;Desde Conchalí nos vinimos a para disfrutar el concierto de @quilapayun en el Teatro Municipal de Valparaiso junto a mi querido compañero y diputado @luiscuellodiputado 🙌🏻❤️;2025-05-04T00:22:01+0000;2025-05-16T05:25:59+0000;
1;43;2;125532598842535_1284970933637089;data;data.*;fetched (200);2025-05-30 21:11:46.953879;Facebook:/<page-id>/posts;Gracias a Cristian Lira y al tradicional Bar Las Tejas por recibirnos con tanto cariño y ese rico almuerzo que compartimos con autoridades, artistas y dirigentes sindicales. Un espacio de encuentro, memoria y cultura popular, en el corazón de Santiago.  ¡Seguimos construyendo comunidad desde nuestras raíces!;2025-05-02T21:59:50+0000;2025-05-10T05:54:15+0000;
1;44;2;125532598842535_1283917627075753;data;data.*;fetched (200);2025-05-30 21:11:46.953879;Facebook:/<page-id>/posts;Hoy salimos a las calles, como cada 1° de mayo, con la fuerza de las y los trabajadores que construyen este país día a día. Marchamos por una vida digna, por mejores sueldos, pensiones justas, salud y transporte dignos, y por el derecho a vivir con tiempo y tranquilidad.  Nada de esto es regalo: es fruto de la organización, la lucha y la voluntad política de cambiar las cosas. Porque cuando el pueblo avanza, no hay vuelta atrás.  ¡Arriba las y los que luchan!;2025-05-02T01:02:11+0000;2025-05-09T22:51:31+0000;
1;45;2;125532598842535_1282965490504300;data;data.*;fetched (200);2025-05-30 21:11:46.953879;Facebook:/<page-id>/posts;Volver a la USACH siempre es emocionante, pero hoy lo es aún más.  Aquí comencé mi camino en lo público, formándome como estudiante, organizándome con convicción y creyendo —como muchos y muchas jóvenes lo siguen haciendo hoy— que Chile puede ser un país más justo, digno y solidario.  Las y los jóvenes tienen un rol fundamental en los cambios que necesitamos. Son protagonistas de las transformaciones, de las ideas nuevas, del coraje para enfrentar lo que parece imposible. En sus manos está el presente y el futuro.  Desde este lugar que tanto quiero, reafirmo mi compromiso con una política que escuche, que actúe y que nunca deje de soñar con un Chile mejor para todas y todos.;2025-05-01T03:41:53+0000;2025-05-08T15:37:08+0000;
1;47;3;434754423534381_1219261852900386;data;data.*;fetched (200);2025-05-30 21:11:47.660675;Facebook:/<page-id>/posts;Qué lindo ha sido el recorrido por la región del Biobío, sus abrazos son el motor de nuestra campaña 🫂❤️ Conocimos la Fiesta de la Castaña, una festividad que busca fortalecer la creación artística musical folclórica, la gastronomía y el emprendimiento local, promoviendo nuestras tradiciones chilenas, desde las cuales construimos futuro.🇨🇱 Si anda por acá no se lo pierda.;2025-05-17T21:11:57+0000;2025-05-25T16:43:23+0000;
1;48;3;434754423534381_1218616139631624;data;data.*;fetched (200);2025-05-30 21:11:47.660675;Facebook:/<page-id>/posts;Les dejo algunas fotos del día en la Región del Biobío. ha sido un día muuy recorrido entre Conce y Chiguayante. Nos reunimos con jóvenes, comimos completitos, nos subimos al Biotren, seguimos para reunirnos con cuidadoras de la región y aún queda agenda. Gracias a todas las personas me han entregado su apoyo y cariño! 🫂;2025-05-16T23:24:02+0000;2025-05-27T13:51:13+0000;
1;49;3;434754423534381_1218587102967861;data;data.*;fetched (200);2025-05-30 21:11:47.660675;Facebook:/<page-id>/posts;En Chile quienes cuidan son principalmente mujeres y lo hacen a costa de su desarrollo profesional, económico y personal. Se ha avanzado, pero aún falta. Mientras algunos lo ignora, o consideran esto un problema individual, nosotros tenemos la convicción para avanzar en la construcción del Sistema de Cuidados, asegurando el presente y futuro del país.;2025-05-16T22:02:56+0000;2025-05-22T09:29:24+0000;
1;50;3;434754423534381_1218355492991022;data;data.*;fetched (200);2025-05-30 21:11:47.660675;Facebook:/<page-id>/posts;La crisis de natalidad requiere soluciones integrales. Se trata de hacer que volvamos a creer que Chile estará disponible para nuestros hijos e hijas, para quienes hoy nacen en un país que debe darles oportunidades. Me refiero a vivienda, educación, salud, sueldos dignos, para que sus proyectos de vida, y los de las familias chilenas del futuro, sean posibles.;2025-05-16T14:07:48+0000;2025-05-25T15:08:12+0000;
1;51;3;434754423534381_1217998406360064;data;data.*;fetched (200);2025-05-30 21:11:47.660675;Facebook:/<page-id>/posts;Voy a ir a todos los pizarrones necesarios para hablar con las y los jóvenes de Chile. Nos vemos mañana en Concepción, los y las espero para conversar sobre el Chile del presente, pero sobre todo del futuro. #WinterAlPizarrón🧑‍🏫;2025-05-16T01:31:00+0000;2025-05-25T20:55:59+0000;
1;52;3;434754423534381_1217963149696923;data;data.*;fetched (200);2025-05-30 21:11:47.660675;Facebook:/<page-id>/posts;Gracias a las y los estudiantes que hoy se acercaron en el foro en la Universidad de Valparaiso. Lo dije allá y lo repito, me alegra mucho que el primer debate de primarias se haya hecho en una universidad pública y en una universidad de región. Es exactamente el lugar donde deberíamos partir👌;2025-05-16T00:01:46+0000;2025-05-23T05:08:09+0000;
1;53;3;434754423534381_1217928579700380;data;data.*;fetched (200);2025-05-30 21:11:47.660675;Facebook:/<page-id>/posts;¡Nos vamos a la hermosa región del Biobío! Este viernes y sábado recorreremos Conce, Hualpén y Chiguayante. Quiero escuchar a las y los estudiantes, a las cuidadoras y a quienes están pensando en las ciudades del futuro. Acá les cuento las actividades a las que esperamos se sumen todos y todas. No faltes😉;2025-05-15T22:25:37+0000;2025-05-18T00:36:04+0000;
1;54;3;434754423534381_1217857256374179;data;data.*;fetched (200);2025-05-30 21:11:47.660675;Facebook:/<page-id>/posts;Defender y fortalecer la democracia es fundamental para construir el Chile del futuro, ese Chile en el que el poder efectivamente se reparte y no se concentra en unos pocos, ese Chile en el que el Estado se reforma para entregar a la sociedad, con eficiencia, aquello que demanda.;2025-05-15T19:21:05+0000;2025-05-31T00:49:17+0000;
1;55;3;434754423534381_1217820493044522;data;data.*;fetched (200);2025-05-30 21:11:47.660675;Facebook:/<page-id>/posts;"""Lo que nosotros queremos es que quien sí desea tener hijos, encuentre las condiciones para hacerlo y disfrutarlo. Este no es un tema para apuntar con el dedo a las mujeres, es un asunto de la sociedad completa. Es un tema integral, es vivienda, es planificación de la ciudad, es seguridad etc…”";2025-05-15T18:00:38+0000;2025-05-28T12:44:27+0000;
1;56;3;434754423534381_1217806716379233;data;data.*;fetched (200);2025-05-30 21:11:47.660675;Facebook:/<page-id>/posts;"""Para igualar la cancha en el acceso a la Universidad debemos acortar las carreras y encontrar la manera de conciliar la vida universitaria con los cuidados, y con otro tipo de tareas, incluida la de poder trabajar...""  🟪Sigue en vivo el foro “Retos y Riesgos de la Democracia” acá  https://www.youtube.com/watch?v=UCG4tEiumH0&ab_channel=ElMostrador";2025-05-15T17:31:53+0000;2025-05-24T17:34:17+0000;
1;57;3;434754423534381_1217255333101038;data;data.*;fetched (200);2025-05-30 21:11:47.660675;Facebook:/<page-id>/posts;Es hora de cambiar hacia el futuro con soluciones concretas, no promesas vacías.  Hoy en la Semana de la Construcción mostramos nuestra convicción para liderar el cambio que Chile necesita hacia el futuro.   Mientras la derecha se estanca en fórmulas del pasado, nosotros tenemos la firmeza para transformar la manera en que se construye Chile.;2025-05-14T21:38:34+0000;2025-05-22T19:23:18+0000;
1;58;3;434754423534381_1217224316437473;data;data.*;fetched (200);2025-05-30 21:11:47.660675;Facebook:/<page-id>/posts;Con esta foto quiero agradecer su cariño estos días. Me ha tocado encontrarme con varios de ustedes en la calle y de verdad me hace muy feliz que me entreguen sus saludos y buenos deseos. Son estas las cosas que me llenan de energía para enfrentar la campaña, de frente al futuro. GRACIAS!   Ojo con el bonus de la foto, si lo encontraste déjalo en comentarios jaja;2025-05-14T20:15:08+0000;2025-05-22T14:41:23+0000;
1;59;3;434754423534381_1216674246492480;data;data.*;fetched (200);2025-05-30 21:11:47.660675;Facebook:/<page-id>/posts;El abandono es el mejor aliado del narco.   Para que la vida sea posible en Chile, y la sociedad no sea permeada por el narco, el Estado debe asegurar más calidad de vida, es decir, más educación, más salud, más oportunidades.;2025-05-14T00:50:31+0000;2025-05-30T19:19:41+0000;
1;60;3;434754423534381_1216584306501474;data;data.*;fetched (200);2025-05-30 21:11:47.660675;Facebook:/<page-id>/posts;Ha muerto Pepe Mujica, un gigante latinoamericano que nos enseñó que se puede hacer política sin soberbia, sin lujo, sin vanagloria, pero con una convicción inquebrantable de transformar el mundo.  Tuve la suerte de conocerlo y escucharlo. Lejos de encerrarse en la nostalgia, seguía pensando en el futuro: en el litio, el cambio climático, la necesidad de una izquierda capaz de cambiar sin perder su alma.  No hablaba de sí mismo, hablaba del continente. De lo que debíamos hacer. De lo que aún podíamos ser.  Su muerte duele, pero su legado es un llamado permanente a actuar con humildad, valentía y amor por los pueblos de América Latina. Gracias por tanto, Pepe.;2025-05-13T20:36:13+0000;2025-05-21T23:29:04+0000;
1;61;3;434754423534381_1216464593180112;data;data.*;fetched (200);2025-05-30 21:11:47.660675;Facebook:/<page-id>/posts;Así como Neruda, Huidobro y Parra se inspiraron mirando el horizonte desde las playas del litoral de los poetas, la tradición lírica continúa con grandes exponentes como Victor Muga, que conocí gracias a Camila Rojas Valderrama Diputada en la visita a San Antonio 🚣;2025-05-13T16:38:42+0000;2025-05-21T20:05:16+0000;
1;62;3;434754423534381_1215988329894405;data;data.*;fetched (200);2025-05-30 21:11:47.660675;Facebook:/<page-id>/posts;Cuando uno se para frente a un partido importante, no bastan los discursos. Hay que salir con los botines bien puestos, con la cabeza fría y el corazón ardiendo.   Este equipo tiene todo eso.   Porque no se trata solo de ganar una elección. Se trata de defender lo que creemos, de jugar limpio y dejar todo en la cancha por un país donde la vida sea posible para todos.   Y en eso, créanme, no vamos a fallar.;2025-05-12T22:53:49+0000;2025-05-21T22:21:37+0000;
1;63;3;434754423534381_1215900929903145;data;data.*;fetched (200);2025-05-30 21:11:47.660675;Facebook:/<page-id>/posts;En Chile, el 1% del país concentra el 50% de la riqueza. A eso debemos ponerle fin. Cuando fui papá perdí la posibilidad de dejar de luchar por el futuro, porque frente a esta realidad, no podemos quedarnos sin hacer nada.;2025-05-12T19:23:41+0000;2025-05-15T17:07:29+0000;
1;64;3;434754423534381_1215791963247375;data;data.*;fetched (200);2025-05-30 21:11:47.660675;Facebook:/<page-id>/posts;Nuestra campaña ya está presente en todas las regiones 🇨🇱  Mientras otros muestran desorden, acá tenemos energía, esperanza y, sobre todo, propuestas de futuro para que vivir en Chile sea una experiencia más feliz.   Hoy presentamos a nuestro equipo de campaña, con su experiencia y trabajo iremos de frente al futuro.;2025-05-12T15:30:41+0000;2025-05-20T16:17:57+0000;
1;65;3;434754423534381_1215424573284114;data;data.*;fetched (200);2025-05-30 21:11:47.660675;Facebook:/<page-id>/posts;Tener un hijo no puede ser una carga solo para las mujeres.  Queremos que aquel que quiere tener un hijo libremente, pueda decidirlo y encuentre las condiciones de vida necesarias. Para eso, entre otras cosas, tenemos que avanzar en corresponsabilidad, compartir la crianza desde los primeros meses de vida y fortalecer la autonomía económica de las mujeres.;2025-05-12T02:47:34+0000;2025-05-24T00:21:47+0000;
1;66;3;434754423534381_1215375269955711;data;data.*;fetched (200);2025-05-30 21:11:47.660675;Facebook:/<page-id>/posts;Queremos un país en el que la vida sea posible. Un país en el que las mujeres que quieran ser madres y tomen esa decisión, puedan serlo, sin temor al futuro.  Esta propuesta para Chile la hacemos con todas.  ¡Feliz Día de la Madre!;2025-05-12T00:54:50+0000;2025-05-22T20:55:47+0000;
1;67;3;434754423534381_1215061573320414;data;data.*;fetched (200);2025-05-30 21:11:47.660675;Facebook:/<page-id>/posts;Chile tiene muchas cuentas pendientes con San Antonio.  Impulsaremos un Estado que haga justicia y le devuelva la mano a este puerto: la riqueza que solo pasa por sus calles, retornará a sus vecinas y vecinos en forma de Desarrollo Humano.;2025-05-11T13:40:48+0000;2025-05-19T05:08:55+0000;
1;68;3;434754423534381_1214672826692622;data;data.*;fetched (200);2025-05-30 21:11:47.660675;Facebook:/<page-id>/posts;San Antonio y su gente le dan muchísimo más a Chile que lo que el país le da a San Antonio.  La riqueza que solo pasa por este puerto debe devolverse en forma de Desarrollo Humano. Gracias por todo lo compartido hoy, por sus perspectivas para construir en conjunto el Chile del futuro, ese en el que el Estado invierte en proteger la pesca artesanal, ese en el que el dinero que las empresas portuarias le entregan al Estado, también deje una parte para invertir en la modernización de San Antonio y así mejorar la calidad de vida de las y los sanantoninos.  Camila Rojas Valderrama Diputada tremenda anfitriona🫂;2025-05-11T00:26:07+0000;2025-05-19T18:23:02+0000;
1;69;3;434754423534381_1214603920032846;data;data.*;fetched (200);2025-05-30 21:11:47.660675;Facebook:/<page-id>/posts;Los y las invito a leer esta entrevista en El País, donde abordo mis propuestas para Chile y lo que me llevó a tomar el camino de presentarme en la carrera presidencial, entre otras cosas.;2025-05-10T21:20:34+0000;2025-05-14T01:09:42+0000;
1;70;3;434754423534381_1213932103433361;data;data.*;fetched (200);2025-05-30 21:11:47.660675;Facebook:/<page-id>/posts;Nuestra candidatura no parte de cero, camina sobre una historia compartida. Agradezco el apoyo de todos los que se suman a este esfuerzo por un mejor futuro 🇨🇱.   El legado de la izquierda chilena es parte de la historia viva del país. Hoy, muchas personas socialistas, desde su autonomía y convicción, han decidido acompañarnos porque reconocen en este proyecto una continuidad generacional de esos principios, con una mirada nueva y de futuro.;2025-05-09T20:03:46+0000;2025-05-14T17:05:39+0000;
1;71;3;434754423534381_1213340606825844;data;data.*;fetched (200);2025-05-30 21:11:47.660675;Facebook:/<page-id>/posts;La juventud es clave para construir el futuro. Compartir mis propuestas y escuchar sus dudas, conversar con ellos y ellas fue una muy nutritiva experiencia. Chile necesita que su juventud participe con liderazgo, visión y convicción en la construcción de una sociedad más justa. La educación es un motor del proyecto hacia el desarrollo. ¡Gracias por todo lo conversado hoy en la UC!;2025-05-08T22:09:03+0000;2025-05-18T01:49:45+0000;
1;72;3;434754423534381_1213299266829978;data;data.*;fetched (200);2025-05-30 21:11:47.660675;Facebook:/<page-id>/posts;Estudiar no puede ser una trampa para el futuro. La juventud necesita oportunidades, no frustraciones.📚La educación no puede postergar más a quienes quieren construir un mejor Chile. Educación para avanzar. Juventud para liderar.;2025-05-08T20:18:20+0000;2025-05-14T20:37:57+0000;
1;73;3;434754423534381_1212612620231976;data;data.*;fetched (200);2025-05-30 21:11:47.660675;Facebook:/<page-id>/posts;Hoy presentamos una denuncia formal ante el CNTV contra Mega.  Emitieron un reportaje falso, sensacionalista y sin ninguna prueba, intentando vincularme con la Clínica Sierra Bella.  No vamos a dejar pasar este tipo de mentiras. No nos prestaremos para el show ni la polémica vacía.  Cuando atacan con falsedades, respondemos con hechos, con verdad y por los canales que corresponden.  Nuestra campaña es limpia, clara y transparente. Y vamos a defender la democracia con responsabilidad.  Chile merece medios que informen con rigor, no con desinformación.  Siempre de frente.;2025-05-07T18:41:51+0000;2025-05-15T17:48:11+0000;
1;74;3;434754423534381_1212505613576010;data;data.*;fetched (200);2025-05-30 21:11:47.660675;Facebook:/<page-id>/posts;Hoy presentamos una denuncia formal al CNTV contra Mega por el reportaje sensacionalista y falso que emitieron vinculándome sin fundamento alguno con la Clínica Sierra Bella.  Cuando los medios de comunicación faltan a la verdad, no nos quedamos callados ni caemos en la trampa de la polémica superficial. Actuamos con claridad y firmeza, usando los canales institucionales.;2025-05-07T15:07:53+0000;2025-05-31T02:11:28+0000;
1;75;3;434754423534381_1212503733576198;data;data.*;fetched (200);2025-05-30 21:11:47.660675;Facebook:/<page-id>/posts;Hoy presentamos una denuncia formal al CNTV contra Mega por el reportaje sensacionalista y falso que emitieron vinculándome sin fundamento alguno con la Clínica Sierra Bella.  Cuando los medios de comunicación faltan a la verdad, no nos quedamos callados ni caemos en la trampa de la polémica superficial. Actuamos con claridad y firmeza, usando los canales institucionales.;2025-05-07T15:04:11+0000;2025-05-30T21:55:44+0000;
1;76;3;434754423534381_1212105453616026;data;data.*;fetched (200);2025-05-30 21:11:47.660675;Facebook:/<page-id>/posts;Nuestro diagnóstico y motivación para la propuesta que le hacemos al país gira en torno a estos 4 ejes.   Las y los invitamos a leer nuestra hoja de ruta programática: Construyendo Futuro, una vía Chilena al Desarrollo 2050.   Descárgala completa en winterpresidente.cl 👩‍💻🧑‍💻;2025-05-07T01:15:22+0000;2025-05-13T11:25:08+0000;
1;77;3;434754423534381_1211320103694561;data;data.*;fetched (200);2025-05-30 21:11:47.660675;Facebook:/<page-id>/posts;Ya vacunado contra la influenza, porque acá confiamos en la ciencia y sabemos que salva vidas.   Las vacunas te cuidan a tí, a tu familia y tus vecinos.  Gracias a las y los funcionarios de la salud del Cesfam Domeyko.   Busca tu vacunatorio más cercano en mevacuno.cl;2025-05-05T23:03:51+0000;2025-05-23T19:17:03+0000;
1;78;3;434754423534381_3917490001824551;data;data.*;fetched (200);2025-05-30 21:11:47.660675;Facebook:/<page-id>/posts;;2025-05-03T18:33:10+0000;2025-05-15T03:24:13+0000;
1;79;3;434754423534381_1209209353905636;data;data.*;fetched (200);2025-05-30 21:11:47.660675;Facebook:/<page-id>/posts;¿Quieres sumarte como activista digital a mi campaña? Bienvenidos y bienvenidas a mi canal de difusión de WhatsApp donde enviaremos todo lo necesario para participar en esta modalidad 🤖📲 ¡Te esperamos! https://whatsapp.com/channel/0029VaWwiDbKrWQnlbHP8R1d;2025-05-03T00:05:39+0000;2025-05-14T12:34:59+0000;
1;80;3;434754423534381_1208469857312919;data;data.*;fetched (200);2025-05-30 21:11:47.660675;Facebook:/<page-id>/posts;Podemos ser un país desarrollado al 2050 si atendemos a nuestra historia de solidaridad, que nos ha sabido sacar adelante en tantas oportunidades. Lo que ofrecemos desde acá es un proyecto con mirada de futuro, un futuro que atiende a eso y se abre al desarrollo, no un futuro que se arroja al sálvese quien pueda🇨🇱;2025-05-02T00:49:22+0000;2025-05-28T21:31:14+0000;
1;82;4;881095048648989_1266762151464649;data;data.*;fetched (200);2025-05-30 21:11:48.529686;Facebook:/<page-id>/posts;Chile está trancado y llegó la hora de #DestrabarLaPelota . Los chilenos queremos volver a ganar y golear, a emprender y soñar. Y a partir del próximo 11 de marzo, juntos, lo vamos a hacer! ✌🏼🇨🇱;2025-05-17T20:50:26+0000;2025-05-27T20:27:52+0000;
1;83;4;881095048648989_1264155891725275;data;data.*;fetched (200);2025-05-30 21:11:48.529686;Facebook:/<page-id>/posts;#DestrabarLaPelota;2025-05-13T22:18:28+0000;2025-05-19T06:14:23+0000;
1;84;4;881095048648989_1263509585123239;data;data.*;fetched (200);2025-05-30 21:11:48.529686;Facebook:/<page-id>/posts;Procultura es el caso más grave de corrupción de este gobierno y las autoridades a cargo, partiendo por el Presidente, no lo han enfrentado con la seriedad y responsabilidad que se requiere. Vamos a investigar a fondo: los chilenos merecen conocer toda la verdad.;2025-05-12T22:52:50+0000;2025-05-31T00:50:31+0000;
1;85;4;881095048648989_691784263812266;data;data.*;fetched (200);2025-05-30 21:11:48.529686;Facebook:/<page-id>/posts;Pauta de Prensa José Antonio Kast;2025-05-12T15:11:53+0000;2025-05-23T18:22:29+0000;
1;86;4;881095048648989_1679080306063181;data;data.*;fetched (200);2025-05-30 21:11:48.529686;Facebook:/<page-id>/posts;Domingo 11 de Mayo 11:00 hrs.;2025-05-11T15:03:00+0000;2025-05-23T18:22:44+0000;
1;87;4;881095048648989_1262536988553832;data;data.*;fetched (200);2025-05-30 21:11:48.529686;Facebook:/<page-id>/posts;En este día, quiero saludar a todas las mamás de Chile. Hoy comparto una parte de mi historia, la historia con Olga, mi madre, una mujer que lo dio todo por su familia. Gracias a ella y a todas las madres que, con amor y sacrificio, sostienen nuestro país cada día.;2025-05-11T13:04:24+0000;2025-05-18T10:11:01+0000;
1;88;4;881095048648989_1232960831768864;data;data.*;fetched (200);2025-05-30 21:11:48.529686;Facebook:/<page-id>/posts;El candidato presidencial José Antonio Kast, junto al presidente del Partido Republicano, Arturo Squella, y parlamentarios, presentará  el Plan Tu Casa, una propuesta habitacional que busca devolverle a los chilenos el sueño a una vivienda propia, estable y accesible.  En medio de la crisis habitacional y frente a un Estado que ha fracasado en su rol más básico, el Plan Tu Casa se plantea como una solución concreta y realista para que las familias puedan construir un futuro con certezas.;2025-05-09T18:03:22+0000;2025-05-15T04:05:02+0000;
1;89;4;881095048648989_1199863274678076;data;data.*;fetched (200);2025-05-30 21:11:48.529686;Facebook:/<page-id>/posts;Pauta de Prensa José Antonio Kast;2025-05-05T15:12:05+0000;2025-05-28T00:19:29+0000;
1;91;5;101514752711953_663942483123437;data;data.*;fetched (200);2025-05-30 21:11:49.315980;Facebook:/<page-id>/posts;¡Un millón de soluciones para un Chile con casa propia! 🏠🇨🇱  Presentamos un plan histórico para superar el déficit habitacional en nuestro país. Un millón de subsidios habitacionales en los primeros 90 días de gobierno. Esta medida busca beneficiar a tres millones de chilenos y dinamizar la economía.   ¡Es hora de volver a construir! 💪  #PlanHabitacional #Kaiser2026 #ChileConstruye #SolucionesReales  #EsHoradeVolveraConstruir;2025-05-16T00:00:42+0000;2025-05-23T15:25:41+0000;
1;92;5;101514752711953_663864116464607;data;data.*;fetched (200);2025-05-30 21:11:49.315980;Facebook:/<page-id>/posts;https://johanneskaiser.cl/2025/05/15/johannes-kaiser-propone-plan-historico-para-superar-deficit-habitacional-un-millon-de-subsidios-en-los-primeros-90-dias-de-gobierno/;2025-05-15T20:30:08+0000;2025-05-20T14:01:45+0000;
1;93;5;101514752711953_663818776469141;data;data.*;fetched (200);2025-05-30 21:11:49.315980;Facebook:/<page-id>/posts;Hoy ⏰18:00 horas,  estaremos conversando con la senadora de Colombia María Fernanda Cabal 📱 Conéctate aquí https://www.youtube.com/watch?v=H21DE_CS47s&ab_channel=SoyCabalTV;2025-05-15T18:43:11+0000;2025-05-23T14:28:03+0000;
1;94;5;101514752711953_663337693183916;data;data.*;fetched (200);2025-05-30 21:11:49.315980;Facebook:/<page-id>/posts;¡No se experimenta con niños! Desde mucho antes del Informe Cass 📄, ya veníamos alertando sobre las mal llamadas “terapias afirmativas” que en Chile se aplicarían incluso a niños de ¡3 años! 👶 Eso no es acompañamiento, es adoctrinamiento 🚫. El informe británico fue claro: estos tratamientos tienen evidencia débil ⚠ y efectos graves ❗ Mientras otros países retroceden ⏪, Chile sigue empujando a menores a la hormonización 💉, mutilaciones ✂ y a judicializar a padres que se oponen ⚖.  La Comisión Investigadora que exigimos concluyó: se deben suspender tratamientos y cirugías en menores 🛑. ¡Ya no hay excusas! 🗣 Es momento de proteger la infancia 🧒 y respetar el derecho de los padres a educar 👨‍👩‍👧‍👦. ¿Quiénes van a cuidar a nuestros niños? ¡No se experimenta con niños!  #EsHoradeProtegerLaInfancia #EsHoradeActuar #NoSeExperimentaConNiños;2025-05-15T02:30:24+0000;2025-05-22T12:34:16+0000;
1;95;5;101514752711953_663274313190254;data;data.*;fetched (200);2025-05-30 21:11:49.315980;Facebook:/<page-id>/posts;🔥 Es hora de Recuperar Chile cl  Vamos a habilitar un millón de subsidios para tres millones de chilenos 🏘, pero nada de eso servirá si no recuperamos el control del país. Es hora de tener orden. No aceptaremos más zonas tomadas por el narco ni territorios donde el Estado no entra 😠.  Necesitamos 20 mil nuevos carabineros para que el Estado vuelva a cumplir su rol 💪🏼. No más seguridad privada pagada por los ciudadanos. Vamos a recuperar el territorio, devolver la seguridad y hacer que Chile vuelva a ser de los chilenos 🇨🇱.  #EsHoraDeTenerOrden #RecuperemosChile #Kaiser2026 #ChileSeguro #EstadoFuerte #OrdenPrimero;2025-05-14T23:53:35+0000;2025-05-31T00:55:02+0000;
1;96;5;101514752711953_663190073198678;data;data.*;fetched (200);2025-05-30 21:11:49.315980;Facebook:/<page-id>/posts;✅ Propuestas: 1 millón de subsidios en los primeros 90 días de gobierno 🏘️  ➡️ Estuvimos presentes en la Semana de la Construcción 2025, un espacio clave organizado por la Cámara Chilena de la Construcción 🏗️  👉🏻 Presentamos una propuesta que marca un antes y un después en materia de vivienda: un millón de subsidios en los primeros 90 días de gobierno. Una medida histórica para enfrentar el déficit habitacional que afecta a millones de familias en Chile 🏠  ⚡Creemos en soluciones concretas, valientes y urgentes. Porque Chile no puede seguir esperando 🇨🇱  #EsHoraDeInvertir #EsHoraDeConstruir  #SemanaDeLaConstrucción2025 #UnMillónDeSubsidios #DéficitHabitacional #JohannesKaiser #Kaiser2026 #PropuestasConcretas #PNL #CChC;2025-05-14T19:59:23+0000;2025-05-25T01:02:05+0000;
1;97;5;101514752711953_661821630002189;data;data.*;fetched (200);2025-05-30 21:11:49.315980;Facebook:/<page-id>/posts;"🔴 Di mi palabra de NO BAJARME. ¿Y sabe qué hago yo? La cumplo.  En la política chilena falta una sola cosa: convicción 💪🇨🇱. Por eso no me bajo, no me vendo y no transo. Represento a quienes están cansados de los mismos de siempre 😤, de los acuerdos entre cuatro paredes 🤝 y de los que solo buscan el poder por el poder 🏛️.  En la entrevista publicada este domingo 11 de mayo en El Mercurio 🗞️, dejé clara mi posición: voy a llegar hasta el final con mi candidatura presidencial 🗳️. No por capricho, sino porque hay un sector mayoritario del país que merece ser representado con firmeza y sin medias tintas ⚔️.  Mientras otros miden cada palabra para no incomodar a sus partidos 🤐, yo digo lo que pienso y cumplo lo que prometo 🤜🤛. Porque mi compromiso es con ustedes, no con las encuestas 📉 ni con los operadores políticos 🕴️.  🔥 De una buena vez y por todas, ""Es Hora de un líder consecuente""  #EshoradeKaiser #JohannesKaiser #Presidencial2025 #NoMeBajo #PNL";2025-05-12T17:03:01+0000;2025-05-18T23:04:25+0000;
1;98;5;101514752711953_659100043607681;data;data.*;fetched (200);2025-05-30 21:11:49.315980;Facebook:/<page-id>/posts;📢 Basta de excusas, debemos generar riqueza!!  En Chile tenemos más de 100 mil millones de dólares en proyectos paralizados por permisos y trabas políticas. ¡Son empleos, hospitales y tratamientos que no llegan! 😡 ¿Qué le decimos a una persona que espera atención médica? ¿Qué no se puede porque a 30 km hay una reserva? Basta de excusas!!  No se trata de destruir, se trata de avanzar con responsabilidad. La pobreza no espera. Las listas de espera no esperan. O ponemos las prioridades donde deben estar, o seguiremos cada día peor.  #GenerarRiqueza #ChileDespierta #MenosTrabasMásAcción #KaiserHablaClaro #DesarrolloResponsable #Permisología #Kaiser2026 #JohannesKaiser;2025-05-08T14:55:11+0000;2025-05-18T08:33:06+0000;
1;99;5;101514752711953_658680976982921;data;data.*;fetched (200);2025-05-30 21:11:49.315980;Facebook:/<page-id>/posts;Partido Nacional Libertario presente en la Región de Los Lagos!!  Junto a la directiva del @partido_nacional_libertario estuvimos de gira por Osorno, Puerto Varas y Ancud, en Chiloé 🇨🇱, donde nos reunimos con agricultores, productores, representantes del comercio y del turismo en la región 🚜🏪🛳. En cada encuentro reafirmamos nuestro compromiso con la libertad económica y el desarrollo regional.  Gracias al equipo de coordinación regional por el tremendo trabajo para que esta gira fuera posible, y a cada militante que asistió y se sumó con fuerza a este proyecto 💪  ¡Seguimos creciendo desde el territorio! Súmate al PNL y construyamos juntos un Chile más libre y próspero ⚡  #PNL #PartidoNacionalLibertario #RegiónDeLosLagos #Osorno #PuertoVaras #Ancud #Chiloé #LibertadPrimero #GiraPNL;2025-05-07T23:35:13+0000;2025-05-28T12:18:27+0000;
1;100;5;101514752711953_658511956999823;data;data.*;fetched (200);2025-05-30 21:11:49.315980;Facebook:/<page-id>/posts;🚨 Basta de criminalizar a Carabineros  No aceptamos que se ataque a quienes protegen el orden público 👮‍♂. Algunos sectores insisten en debilitar al Estado para avanzar en su agenda, pero no lo vamos a permitir ❌. Carabineros no es nuestro enemigo: es parte esencial del Estado de Derecho ⚖.  ¡Ya basta de persecución a nuestras fuerzas de orden! 🚔 Defender a Chile no puede ser motivo de castigo.  #ApoyoACarabineros #EstadoDeDerecho #NoALaImpunidad #SeguridadParaChile #LeyYOrden;2025-05-07T16:41:40+0000;2025-05-10T10:56:20+0000;
1;101;5;101514752711953_657856833732002;data;data.*;fetched (200);2025-05-30 21:11:49.315980;Facebook:/<page-id>/posts;Hoy quiero compartir con ustedes una entrevista muy especial que mi esposa, Ivette Avaria, brindó al diario La Segunda.   🗞️ En ella, Ivette reafirma con firmeza nuestro compromiso con el cambio que Chile necesita. 🇨🇱❤️  Asegura que “juran a rajatabla que Johannes se va a bajar”, refiriéndose a quienes dudan de nuestra determinación. ❌👇 Su apoyo incondicional me fortalece 💪 y me motiva a seguir adelante. 🚀  Como he dicho en diversas ocasiones: “no quiero y no puedo bajarme” de esta carrera presidencial. 🗳️🔥 Sería quemar todo el respaldo popular que hemos recibido. Estamos construyendo un movimiento sólido y decidido a transformar la política nacional. 🏛️✨  Agradezco profundamente el apoyo de Ivette 🙏 y de todos ustedes. Juntos, seguiremos luchando por un Chile más libre y próspero. 🤝🇨🇱  #JohannesKaiser #CambioReal #Compromiso #Familia #PolíticaConValores #FuerzaChile;2025-05-06T17:23:35+0000;2025-05-10T10:52:56+0000;
1;102;5;101514752711953_654378647413154;data;data.*;fetched (200);2025-05-30 21:11:49.315980;Facebook:/<page-id>/posts;✅ En terreno, junto a las vecinos de Providencia  Estuvimos en el Parque de las Esculturas compartiendo y conversando sobre seguridad, áreas verdes, acceso a servicios y cómo hacer de nuestra comuna un lugar más justo, amable y participativo para todos 🤝🏡.  Este tipo de encuentros en terreno son fundamentales para conocer de primera mano sus inquietudes y expectativas ¡Gracias a quienes se tomaron el tiempo de venir y aportar con su voz! Seguiremos trabajando con energía y compromiso desde cada rincón de la comuna.  #Providencia #TrabajoEnTerreno #EscuchandoVecinos #JuntosConstruimos #ParticipaciónCiudadana #ComunaConSentido;2025-05-02T01:51:17+0000;2025-05-10T07:40:18+0000;
1;104;6;203788766452764_1299126204916493;data;data.*;fetched (200);2025-05-30 21:11:49.972738;Facebook:/<page-id>/posts;¡Esta es la misión!🇨🇱  #ControlTotalFronteras para recuperar el control y cuidar nuestras fronteras: 🛰️ Tecnología + aviones militares no tripulados 🚨 Control militar y policial ❌ Sin beneficios a ilegales 🚫 Reconducción inmediata;2025-05-17T21:01:14+0000;2025-05-31T00:22:14+0000;
1;105;6;203788766452764_1299016128260834;data;data.*;fetched (200);2025-05-30 21:11:49.972738;Facebook:/<page-id>/posts;Vamos a recuperar el #OrdenyEsperanza de Chile.   Tarapacá es una de las regiones más golpeadas de nuestro país por el crimen organizado, el narcotráfico. Con la misión #ControlTotalFronteras ningún migrante ilegal vuelve a entrar a nuestro país.;2025-05-17T17:17:46+0000;2025-05-24T03:44:10+0000;
1;106;6;203788766452764_1298449054984208;data;data.*;fetched (200);2025-05-30 21:11:49.972738;Facebook:/<page-id>/posts;El crimen organizado está entrando también por el mar y debemos detenerlo. Hoy se revisa solo el 5% de la carga y por ello, las bandas usan nuestros puertos y caletas como suyos.  Desde el día 1, vamos a cerrarles el paso. Tenemos la misión de un  #ControlTotalFronteras con el liderazgo y el orden que Chile merece.;2025-05-16T22:28:33+0000;2025-05-30T17:42:36+0000;
1;107;6;203788766452764_1297164661779314;data;data.*;fetched (200);2025-05-30 21:11:49.972738;Facebook:/<page-id>/posts;#ChilePuedeCrecer: En el seminario de vivienda no estuve sola. Me acompañaron tres mujeres valientes: Claudia, Cristel y Angélica.  Dos vivieron la reconstrucción ejemplar del 2010. Una sigue esperando solución desde el megaincendio. Su fuerza me inspira. Cuando hay gestión con cariño, hay respeto por los chilenos. Ese es el Chile que queremos construir.;2025-05-15T01:43:39+0000;2025-05-21T16:12:35+0000;
1;108;6;203788766452764_1297009771794803;data;data.*;fetched (200);2025-05-30 21:11:49.972738;Facebook:/<page-id>/posts;¡#ChilePuedeCrecer y vamos a volver a crecer!  Debemos crear empleos y recuperar el rumbo. Chile no está condenado al estancamiento.  Con liderazgo, medidas concretas y reglas claras, lo vamos a lograr.;2025-05-14T18:48:45+0000;2025-05-30T14:29:12+0000;
1;109;6;203788766452764_1296833088479138;data;data.*;fetched (200);2025-05-30 21:11:49.972738;Facebook:/<page-id>/posts;🔑 “La llave del Chile posible” es aquella que no se traba.   Debemos volver a creer en el progreso, en la inversión, en la vivienda digna y para eso es urgente terminar con la permisología absurda y poner el Estado al servicio de las personas.;2025-05-14T13:22:39+0000;2025-05-21T21:51:02+0000;
1;110;6;203788766452764_1296505475178566;data;data.*;fetched (200);2025-05-30 21:11:49.972738;Facebook:/<page-id>/posts;Chile tiene talento, tiene músculo digital. Lo que falta es liderazgo.  Innovar no es solo crear tecnología, es cambiar la forma en que funciona el Estado. Así lo hicimos con el HUB Providencia. Ahora, vamos por todo Chile.  #TransformaciónDigital #Fintech #ChileDigital;2025-05-14T01:01:41+0000;2025-05-21T04:49:41+0000;
1;111;6;203788766452764_1296176261878154;data;data.*;fetched (200);2025-05-30 21:11:49.972738;Facebook:/<page-id>/posts;Plan Tolerancia Cero #ChilesinCorrupción urgente y ahora. Es vital que los chilenos recuperemos la confianza en nuestras autoridades y eso se logra con hechos y no solo con palabras. Aquí mis 15 propuestas! ✅;2025-05-13T12:38:22+0000;2025-05-20T18:17:08+0000;
1;112;6;203788766452764_1295909401904840;data;data.*;fetched (200);2025-05-30 21:11:49.972738;Facebook:/<page-id>/posts;Debemos combatir la corrupción con medidas concretas. Nuestro Plan Tolerancia Cero #ChilesinCorrupción entrega propuestas para robustecer la prevención y fiscalización de este delito. Queremos:  ✅ Cárcel efectiva para los corruptos.   ✅ Darle acceso a los tribunales de las cuentas bancarias de todos quienes sean investigados por corrupción.  ✅Fin a pitutos y a las atenuantes que dejan libres a los corruptos.  ✅ Inhabilitar de por vida a condenados de fraude al fisco.;2025-05-13T02:27:26+0000;2025-05-30T21:26:00+0000;
1;113;6;203788766452764_1295745391921241;data;data.*;fetched (200);2025-05-30 21:11:49.972738;Facebook:/<page-id>/posts;Estoy en el nuevo programa de Canal 13 #LaTardeEsNuestra ☺️. Acompáñenme en la señal online t13.cl/en-vivo 📲;2025-05-12T19:35:09+0000;2025-05-23T19:40:32+0000;
1;114;6;203788766452764_1295716468590800;data;data.*;fetched (200);2025-05-30 21:11:49.972738;Facebook:/<page-id>/posts;El caso ProCultura es corrupción, es plata que no llegó a enfermos de cáncer, a hospitales, a quienes más lo necesitan.   Hoy presentamos nuestro Plan Tolerancia Cero para un #ChilesinCorrupción que incluye:  🛑 Prohibición de contratación en cargos públicos de familiares de autoridades. 🛑 Inhabilitación de por vida a condenados en casos graves de fraude al fisco, sin atenuantes. 🛑 Limitar sueldos, que no puedan superan el del Presidente. 🛑 Acceso de tribunales a cuentas bancarias de todos quienes sean investigados por corrupción. 🛑 Transparencia total de los estados financiero Fundaciones, ONGs y entidades de la SC. que reciban recursos públicos.;2025-05-12T18:27:24+0000;2025-05-30T23:13:04+0000;
1;115;6;203788766452764_1295230055306108;data;data.*;fetched (200);2025-05-30 21:11:49.972738;Facebook:/<page-id>/posts;Que lindo es volver al aula🥹  En cada estudiante hay talento, esfuerzo y futuro. En el #DíaDelAlumno, reafirmamos nuestro compromiso con una educación que abra puertas y cumpla sueños.;2025-05-12T00:36:07+0000;2025-05-18T06:03:38+0000;
1;116;6;203788766452764_1294544708707976;data;data.*;fetched (200);2025-05-30 21:11:49.972738;Facebook:/<page-id>/posts;Dicen que mamá hay una sola. Pero somos muchas. Todas diferentes. Todas  únicas. Y ninguna va a estar sola.  ¡Feliz día de la mamá! 💐;2025-05-10T23:59:27+0000;2025-05-30T06:06:34+0000;
1;117;6;203788766452764_1294404698721977;data;data.*;fetched (200);2025-05-30 21:11:49.972738;Facebook:/<page-id>/posts;¡Mujeres que empujan Chile hacia adelante! 💜💪  Desde #PuenteAlto junto a grandes mujeres nos reunimos para decir fuerte y claro que el futuro también se construye con nosotras.  Porque cuando las mujeres avanzamos unidas, Chile avanza con nosotras. #MujeresXMatthei;2025-05-10T18:00:53+0000;2025-05-16T03:37:42+0000;
1;118;6;203788766452764_1293243072171473;data;data.*;fetched (200);2025-05-30 21:11:49.972738;Facebook:/<page-id>/posts;Nuestro compromiso en salud es claro: ✅ Reducir listas de espera que angustian, y eliminar las del cáncer. ✅ Acelerar la construcción de centros médicos pendientes. ✅ Dar seguridad para que los equipos de salud puedan hacer su pega.  Sentirse seguros y vivir mejor pasa por un diagnóstico a tiempo, una operación sin demoras y atención medica disponible cuando se necesita.;2025-05-08T22:59:50+0000;2025-05-28T01:31:37+0000;
1;119;6;203788766452764_1293053572190423;data;data.*;fetched (200);2025-05-30 21:11:49.972738;Facebook:/<page-id>/posts;Placer culpable o no? 🤭  Un abrazo a todos este jueves de lluvia, a preocuparnos de quienes lo están pasando mal y cuidémonos para llegar bien en el retorno a casa.;2025-05-08T15:34:44+0000;2025-05-15T17:57:05+0000;
1;120;6;203788766452764_1292669898895457;data;data.*;fetched (200);2025-05-30 21:11:49.972738;Facebook:/<page-id>/posts;Vamos a devolverle la dignidad en salud a los chilenos. Reducir las listas de espera por cáncer, atacar la permisología en hospitales y un plan para mejorar la salud dental son algunas de las propuestas que recibí hoy de más de 300 profesionales de todo Chile que estuvieron trabajando junto a los partidos de ChileVamos.   Gracias 🫶🏻  Gracias 🫶🏻;2025-05-08T02:08:52+0000;2025-05-14T00:28:42+0000;
1;121;6;203788766452764_1292589588903488;data;data.*;fetched (200);2025-05-30 21:11:49.972738;Facebook:/<page-id>/posts;La educación técnico profesional es indispensable para el desarrollo de Chile y vamos a darle la importancia que merece con:  ✅Capacitación alineada a necesidades reales del país. ✅Becas al extranjero para técnicos. ✅Apoyo a liceos técnicos alineados con las necesidades de las industrias. ✅Alianzas estratégicas con empresas tecnológicas globales. ✅Fondo nacional para modernizar la formación técnica en regiones. ✅Exigir calidad y resultados de cursos SENCE.  Más empleabilidad, más oportunidades, más futuro 😉;2025-05-07T22:33:01+0000;2025-05-25T14:24:02+0000;
1;122;6;203788766452764_1291902918972155;data;data.*;fetched (200);2025-05-30 21:11:49.972738;Facebook:/<page-id>/posts;¡Todos a vacunarse! 💉  Yo ya estoy lista con la de influenza y COVID. Solo puedo agradecer a Catalina, Carlos y Luis por su increíble atención. Casi ni me dolió 😅.  Es importante que todos ayudemos a que las personas que están dentro de los grupos de riesgo puedan inmunizarse cuanto antes .;2025-05-06T21:15:05+0000;2025-05-22T03:19:27+0000;
1;123;6;203788766452764_1291253555703758;data;data.*;fetched (200);2025-05-30 21:11:49.972738;Facebook:/<page-id>/posts;Para no sobreendeudarse o pagar demás es importante que la educación financiera llegue a todos 😉  Sigan a estos expertos!;2025-05-06T00:05:33+0000;2025-05-11T17:29:52+0000;
1;124;6;203788766452764_1290523612443419;data;data.*;fetched (200);2025-05-30 21:11:49.972738;Facebook:/<page-id>/posts;Mi juguetona Pixie… 🐶🫶🏻  A pesar de andar con su cono de la vergüenza, sigue igual de alegre, inquieta y regalona que siempre. 😍  Hace unos días, un perro mordió su oreja, por lo que, después de las curaciones, tendrá que estar con collar isabelino mientras dure su tratamiento.;2025-05-04T23:39:29+0000;2025-05-11T03:31:23+0000;
1;125;6;203788766452764_1289848349177612;data;data.*;fetched (200);2025-05-30 21:11:49.972738;Facebook:/<page-id>/posts;El diagnóstico está hecho sobre la natalidad en Chile, las soluciones son variadas y por ello, pondré mi trabajo y cariño para impulsar el plan #ChileConFuturo que permitirá una conciliación laboral amplia, de la mano de sala cuna universal, acceso a la vivienda, acompañamiento económico durante toda la crianza a través de varios programas sociales. Y también, en caso querer y de no poder, impulsaremos más y mejores programas de salud reproductiva y fertilidad.  Porque los niños no son un problema: son futuro.;2025-05-04T01:41:04+0000;2025-05-30T20:20:32+0000;
1;126;6;203788766452764_1289575042538276;data;data.*;fetched (200);2025-05-30 21:11:49.972738;Facebook:/<page-id>/posts;La baja natalidad es el reflejo de un país donde formar una familia se volvió difícil, solitario y, muchas veces, imposible.  Hoy presentamos el plan #ChileconFuturo con soluciones reales:  ✅Sala cuna universal. ✅Impulso al trabajo flexible sin precariedad. ✅Red de cuidados para madres y cuidadores ✅Vivienda para familias con hijos. ✅Apoyo en salud reproductiva ampliando la cobertura GES para incluir más y mejores programas de fertilidad.  El diagnóstico está hecho, las soluciones deben abordar muchas variables. Pondré mi trabajo y cariño para que tener un hijo vuelva a ser un proyecto posible y seguro. Porque los niños son futuro.;2025-05-03T16:11:43+0000;2025-05-14T00:32:51+0000;
1;127;6;203788766452764_1288772289285218;data;data.*;fetched (200);2025-05-30 21:11:49.972738;Facebook:/<page-id>/posts;;2025-05-02T14:31:11+0000;2025-05-08T00:10:38+0000;
1;128;6;203788766452764_1288208062674974;data;data.*;fetched (200);2025-05-30 21:11:49.972738;Facebook:/<page-id>/posts;La Comisión por La Paz y el Entendimiento se propuso entregar un informe solo si existía unanimidad y lo mínimo es que ese principio se respete.   En Chile, la palabra  debe valer y los acuerdos se deben respetar.  Es vital reconocer el terrorismo en el sur de nuestro país, apoyar a las víctimas y no hipotecar el desarrollo de las regiones más golpeadas con entregas desmedidas de tierras. Sin ello, no hay entendimiento posible.;2025-05-01T20:04:57+0000;2025-05-28T16:52:56+0000;
1;129;6;203788766452764_1288110036018110;data;data.*;fetched (200);2025-05-30 21:11:49.972738;Facebook:/<page-id>/posts;Me correspondió ser Ministra del Trabajo y por ello hoy fui invitada al Hospital del Trabajador a compartir con trabajadores en un día tan especial.   Imposible no recordar la creación de más de un millón de empleos y la extensión del posnatal que ha beneficiado a un millón 200 mil niños y a sus padres 🤗.  Debemos comprometernos a accionar medidas urgentes para solucionar la realidad que miles de chilenos viven a diario: sobretodo jóvenes y mujeres que hoy son quienes sufren el desempleo, bajos sueldos y falta de oportunidades  Vamos a generar el crecimiento, la inversión y estímulos al empleo formal, como ya lo hicimos, vamos a recuperar la dignidad del trabajo en 🇨🇱.;2025-05-01T17:00:56+0000;2025-05-08T16:06:20+0000;
